filename,IOU GradCAM,IOU Saliency,IOU Occlusion,IOU Lime,IOU SHAP,IOU IG,IOU DL
demd2236_9977_1.2.826.0.1.3680043.9.3218.1.1.3863114.4093.1511396668137.2154.0_MLO,0.4479020979020979,0.5417707466000555,0.3558333333333333,0.385857250755287,0.385857250755287,0.0868415700630465,0.0513612124614089
demd94475_9989_1.2.826.0.1.3680043.9.3218.1.1.351800105.9799.1541116325793.87.0_CC,0.2320185614849187,0.0010755316548521,0.2420058139534883,0.2224506780241836,0.1168217609162491,0.2736347912033605,0.2757891024510668
demd2425_9994_1.2.826.0.1.3680043.9.3218.1.1.3866541.1754.1511400095328.1203.0_CC,0.5650165875235803,0.1618791946308724,0.8094520656569661,0.0,0.2066586682663467,0.6532159977105244,0.6374878896677495
demd1516_9963_1.2.826.0.1.3680043.9.3218.1.1.3850610.1631.1511384163736.5583.0_CC,0.5267299375300336,0.0233031255779545,0.6972783436299883,0.4281127363539065,0.4281127363539065,0.6676955367615285,0.1765977699211313
demd4160_9982_1.2.826.0.1.3680043.9.3218.1.1.1599460.6889.1511988467039.8052.0_MLO,0.1142076236029088,0.0929104680943817,0.7187233524180777,0.3327989476713117,0.3327989476713117,0.0,0.0846720846720846
demd5492_9988_1.2.826.0.1.3680043.9.3218.1.1.2984797.8432.1512127000746.4122.0_MLO,0.3838551687948224,0.2317073170731707,0.4645277002789956,0.0,0.2166536661466458,0.8294791441538794,0.4799528301886792
demd132019_9985_1.2.826.0.1.3680043.9.3218.1.1.75441802.2471.1546942677350.175.0_MLO,0.7162458836443468,0.7001958157270947,0.5575615284974094,0.36357534399821,0.36357534399821,0.6621751684311838,0.1269427503442848
demd146808_9999_1.2.826.0.1.3680043.9.3218.1.1.30377278.2619.1570700823691.875.0_MLO,0.353483606557377,0.0843679458239277,0.4152777777777778,0.3567167740396086,0.3567167740396086,0.7576013513513513,0.0340505329648637
demd5880_9987_1.2.826.0.1.3680043.9.3218.1.1.3066441.1365.1512135165128.3362.0_MLO,0.3035617232508424,0.0,0.3913185260335519,0.4822638501394978,0.3156636110003986,0.2391390992427262,0.1913410862842458
demd138_9999_1.2.826.0.1.3680043.9.3218.1.1.2695005.4962.1510228559379.4935.0_MLO,0.6937080112692335,0.5574360821029888,0.7317376437674852,0.6173811002968178,0.6173811002968178,0.5994818308642795,0.6135284616514121
demd94475_9989_1.2.826.0.1.3680043.9.3218.1.1.351800105.9799.1541116325793.90.0_MLO,0.4865103936311367,0.0521008403361344,0.4776647501105705,0.2190565156468939,0.2190565156468939,0.4760725342768686,0.4962503665842724
demd135382_9991_1.2.826.0.1.3680043.9.3218.1.1.105080168.7423.1547239061015.68.0_MLO,0.3919915700737618,0.3329358196010407,0.4695556774547449,0.262883914627798,0.1854993778984277,0.2369594725615668,0.7581927477215435
demd103427_9999_1.2.826.0.1.3680043.9.3218.1.1.80309303.2039.1541973601335.115.0_MLO,0.5669781931464174,0.4437477922995408,0.5898585719213522,0.3776595744680851,0.3467153284671533,0.7312109046774344,0.7831702544031311
demd1516_9963_1.2.826.0.1.3680043.9.3218.1.1.3850610.1631.1511384163736.5595.0_MLO,0.6170212765957447,0.0,0.6534576534576535,0.0853713621991353,0.3342516069788797,0.8674568965517241,0.6784347086346235
demd135382_9991_1.2.826.0.1.3680043.9.3218.1.1.105080168.7423.1547239061015.64.0_CC,0.4153084052412911,0.3735218919782678,0.5752636625119847,0.594119527005433,0.594119527005433,0.3797539149888143,0.45953179779093
demd93442_9999_1.2.826.0.1.3680043.9.3218.1.1.34198990.5374.1541018223740.189.0_MLO,0.1783439490445859,0.0,0.5095541401273885,0.0,0.3214434060228452,0.2328379334748761,0.4589171974522293
demd93442_9999_1.2.826.0.1.3680043.9.3218.1.1.34198990.5374.1541018223740.184.0_CC,0.275968992248062,0.0,0.3895652173913043,0.0405082487018059,0.3463327370304114,0.1850327966607036,0.180368386324748
demd1759_9995_1.2.826.0.1.3680043.9.3218.1.1.3854251.1387.1511387805385.7222.0_CC,0.4696116217017492,0.2731740382985934,0.457561022579558,0.3216377952755905,0.3216377952755905,0.6018897637795275,0.3708845176667801
demd3569_9994_1.2.826.0.1.3680043.9.3218.1.1.1478478.5024.1511976368784.7879.0_MLO,0.4121384542437174,0.7342325920524972,0.3018055555555555,0.3211186113789778,0.3211186113789778,0.2071696754616057,0.1053882341529657
demd2833_9970_1.2.826.0.1.3680043.9.3218.1.1.1333768.8684.1511961897765.1966.0_CC,0.2138603719643171,0.0192632568663573,0.2201515070440838,0.065930789869973,0.065930789869973,0.0729634074561034,0.1773824903110404
demd1759_9995_1.2.826.0.1.3680043.9.3218.1.1.3854251.1387.1511387805385.7234.0_MLO,0.6298083747338538,0.0473644003055767,0.6512108682811577,0.5188665175242356,0.618018018018018,0.637409200968523,0.3028229255774166
demd2482_9979_1.2.826.0.1.3680043.9.3218.1.1.3866541.1754.1511400095328.4271.0_MLO,0.5673491379310345,0.7297993948223691,0.668441832705904,0.6444444444444445,0.3554874545106301,0.5777661795407099,0.0824874942647075
demd2030_9994_1.2.826.0.1.3680043.9.3218.1.1.3860076.2252.1511393629935.1594.0_CC,0.4157090302271779,0.1633041492196421,0.4111153406928055,0.2553763440860215,0.2553763440860215,0.3332698896079177,0.4465169394746859
demd53651_9972_1.2.826.0.1.3680043.9.3218.1.1.39680545.3051.1537271412014.246.0_CC,0.7620597810002959,0.2304675939627108,0.5701499476926654,0.6210911059970218,0.7753623188405797,0.6079461379106245,0.0899412165401014
demd3524_9974_1.2.826.0.1.3680043.9.3218.1.1.1478478.5024.1511976368784.5913.0_MLO,0.8122157244964262,0.4633807705657757,0.6944444444444444,0.5093875318993802,0.5093875318993802,0.8978520286396181,0.594565669778227
demd2475_9981_1.2.826.0.1.3680043.9.3218.1.1.3866541.1754.1511400095328.3944.0_MLO,0.7639334695068573,0.5797004991680532,0.5581058226624789,0.3418582065393331,0.180202403542062,0.5236363636363637,0.6752389397970243
demd134147_9989_1.2.826.0.1.3680043.9.3218.1.1.93985702.1767.1547128116354.131.0_MLO,0.1196843325728391,0.0366381479617513,0.1159687068568798,0.4117933723196881,0.2786479802143446,0.0,0.0453836335271592
demd2347_9999_1.2.826.0.1.3680043.9.3218.1.1.3863114.4093.1511396668137.8000.0_CC,0.2647058823529412,0.3306122448979592,0.225,0.2887700534759358,0.2887700534759358,0.5524296675191815,0.0484507716233999
demd314_9982_1.2.826.0.1.3680043.9.3218.1.1.2807438.9038.1510340992050.6022.0_CC,0.6166056166056166,0.5231164383561644,0.511600928074246,0.41219569841645,0.41219569841645,0.7637614678899083,0.7311992467929858
demd1595_9999_1.2.826.0.1.3680043.9.3218.1.1.3850610.1631.1511384163736.9262.0_MLO,0.2082965578111209,0.427536231884058,0.2185185185185185,0.1612511387792286,0.2443064182194617,0.1204081632653061,0.1349805536490505
demd2236_9977_1.2.826.0.1.3680043.9.3218.1.1.3863114.4093.1511396668137.2142.0_CC,0.4581818181818182,0.0733090909090909,0.42,0.3805049911920141,0.3805049911920141,0.508235294117647,0.0301117240555234
demd2833_9970_1.2.826.0.1.3680043.9.3218.1.1.1333768.8684.1511961897765.1978.0_MLO,0.186026936026936,0.1497559868346385,0.306435137895812,0.0927250028373623,0.0,0.0982484016191881,0.2400030265198804
demd3515_9979_1.2.826.0.1.3680043.9.3218.1.1.1478478.5024.1511976368784.5501.0_MLO,0.5999245852187028,0.8143728110001297,0.4419444444444444,0.0610933743250167,0.211864406779661,0.6549346506123289,0.1098093348287464
demd5579_9992_1.2.826.0.1.3680043.9.3218.1.1.30106951.7588.1512129590473.840.0_MLO,0.3883495145631068,0.0869880391446176,0.3043478260869565,0.2887678122380553,0.2887678122380553,0.4932704474864833,0.0786279424050322
demd4140_9983_1.2.826.0.1.3680043.9.3218.1.1.1599460.6889.1511988467039.7011.0_MLO,0.3204347826086957,0.0770888247353667,0.3412037037037037,0.2632142857142857,0.2442002442002442,0.6159545141281875,0.0314333970247031
demd5624_9973_1.2.826.0.1.3680043.9.3218.1.1.3010695.7588.1512129590473.2646.0_MLO,0.5228046289993192,0.609271523178808,0.4647302904564315,0.0,0.0,0.7469879518072289,0.1741980800749239
demd5585_9994_1.2.826.0.1.3680043.9.3218.1.1.3010695.7588.1512129590473.1181.0_MLO,0.7014364930358469,0.2953249714937286,0.3484848484848485,0.0676237756608077,0.0,0.3383593609764854,0.72740289958833
demd2149_9975_1.2.826.0.1.3680043.9.3218.1.1.3860076.2252.1511393629935.7815.0_MLO,0.793111262179923,0.0957599782363685,0.6883273164861613,0.2300061996280223,0.4749500212031259,0.929713770196014,0.0800538824208602
demd134147_9989_1.2.826.0.1.3680043.9.3218.1.1.93985702.1767.1547128116354.127.0_CC,0.2700180121172425,0.0384804322908138,0.2947437366955952,0.1819223841493368,0.1819223841493368,0.1868893619343922,0.5605862125429835
demd4519_9961_1.2.826.0.1.3680043.9.3218.1.1.1676190.2119.1511996139973.6034.0_MLO,0.2537431048069345,0.3613916947250281,0.2385185185185185,0.0926196565582754,0.0926196565582754,0.2766323024054983,0.0580912863070539
demd131257_9999_1.2.826.0.1.3680043.9.3218.1.1.684885685.1232.1546873145013.48.0_MLO,0.0,0.0,0.0,0.0,0.0,0.0,0.0
demd106703_9968_1.2.826.0.1.3680043.9.3218.1.1.420768864.1260.1542314060896.86.0_CC,0.0393318390436546,0.0287941239671035,0.4094444444444444,0.0575286175520986,0.0,0.4523785166240409,0.0260586703124447
demd5790_9977_1.2.826.0.1.3680043.9.3218.1.1.30664416.1365.1512135165128.745.0_MLO,0.5630052306229196,0.6121323529411765,0.4407894736842105,0.5798045602605864,0.5798045602605864,0.6166723607789546,0.4992503748125937
demd6213_9970_1.2.826.0.1.3680043.9.3218.1.1.3120783.4733.1512140599294.1505.0_MLO,0.4782763532763532,0.4178283198826119,0.3730555555555555,0.540128326496266,0.540128326496266,0.5894428152492669,0.0493607050073862
demd132019_9985_1.2.826.0.1.3680043.9.3218.1.1.75441802.2471.1546942677350.169.0_CC,0.7057302886686773,0.6294587945879458,0.593497031840259,0.4213656911729717,0.2611147256560399,0.7266095781795116,0.1535054553311008
demd6213_9970_1.2.826.0.1.3680043.9.3218.1.1.3120783.4733.1512140599294.1497.0_CC,0.1795227875268274,0.1894358222873509,0.58,0.0,0.0917426986383017,0.1916288803627485,0.1144699015593692
demd37937_9971_1.2.826.0.1.3680043.9.3218.1.1.229296657.1171.1535596324015.50.0_MLO,0.3485576923076923,0.1543437320887578,0.3490740740740741,0.2571922993727017,0.2571922993727017,0.5965189873417721,0.0913939393939393
demd142448_9976_1.2.826.0.1.3680043.9.3218.1.1.20001205.1267.1548188379869.152.0_MLO,0.2103386809269162,0.3430232558139535,0.2097777777777777,0.2834834834834834,0.2834834834834834,0.3842083842083842,0.0154040294156041
demd5892_9987_1.2.826.0.1.3680043.9.3218.1.1.3066441.1365.1512135165128.3693.0_MLO,0.1045122760451227,0.0976614403401541,0.30625,0.3401869158878505,0.3401869158878505,0.0693641618497109,0.0486362769406828
demd138_9999_1.2.826.0.1.3680043.9.3218.1.1.2695005.4962.1510228559379.4929.0_CC,0.6290898274836407,0.5052047189451769,0.6532532009406846,0.3954396055875103,0.1835385316917464,0.8181151448478181,0.2976892242395661
demd2272_9966_1.2.826.0.1.3680043.9.3218.1.1.3863114.4093.1511396668137.4150.0_CC,0.4378587900495559,0.0851625105768752,0.4444444444444444,0.3254593175853018,0.3254593175853018,0.5522264980758659,0.1858649590356907
demd3262_9967_1.2.826.0.1.3680043.9.3218.1.1.1447924.2040.1511973313408.3169.0_CC,0.2074074074074074,0.3634024519449069,0.2359259259259259,0.2177523096713834,0.2177523096713834,0.2888616891064871,0.0126289911676364
demd117396_9982_1.2.826.0.1.3680043.9.3218.1.1.18917877.5403.1543785079793.126.0_MLO,0.204754468158945,0.2276234567901234,0.2185185185185185,0.277074730251765,0.277074730251765,0.3670411985018726,0.1898326898326898
demd4598_9963_1.2.826.0.1.3680043.9.3218.1.1.1676190.2119.1511996139973.9419.0_MLO,0.6470917225950783,0.5948627239867723,0.5608913573557301,0.0,0.2003253146134749,0.6403687616346069,0.4447931673183782
demd4669_9983_1.2.826.0.1.3680043.9.3218.1.1.1707505.2116.1511999271557.3327.0_MLO,0.5110619469026548,0.5485714285714286,0.4435108856478545,0.0,0.2163790049096522,0.5056891943489882,0.4138681592039801
demd5613_9978_1.2.826.0.1.3680043.9.3218.1.1.3010695.7588.1512129590473.2225.0_MLO,0.2491258741258741,0.3923654568210263,0.2177083333333333,0.202258064516129,0.202258064516129,0.4190056134723336,0.054930613961312
demd3221_9988_1.2.826.0.1.3680043.9.3218.1.1.14479244.2040.1511973313408.931.0_MLO,0.4831030619865571,0.0919117647058823,0.4791666666666667,0.5187449879711307,0.5187449879711307,0.7986111111111112,0.1047401230569948
demd143085_9982_1.2.826.0.1.3680043.9.3218.1.1.21465835.1877.1548334842842.238.0_MLO,0.5971337579617835,0.3054830287206266,0.4424242424242424,0.0329411177520182,0.4700194995125122,0.5541666666666667,0.5886287625418061
demd5880_9987_1.2.826.0.1.3680043.9.3218.1.1.3066441.1365.1512135165128.3354.0_CC,0.428975487115022,0.0413544159767724,0.5303268384663733,0.2097081683531309,0.2097081683531309,0.4792583280955374,0.4068569498395541
demd106703_9968_1.2.826.0.1.3680043.9.3218.1.1.420768864.1260.1542314060896.92.0_MLO,0.4115761689291101,0.4245017015070491,0.3234074074074074,0.3759648178064979,0.3759648178064979,0.4442409442409442,0.0884701114488348
demd1606_9997_1.2.826.0.1.3680043.9.3218.1.1.38542517.1387.1511387805385.267.0_MLO,0.0569049271339347,0.0698310250549056,0.0494603174603174,0.2152528322741088,0.2152528322741088,0.064385486403835,0.0249591490179744
demd142399_9957_1.2.826.0.1.3680043.9.3218.1.1.19725739.9948.1548160833325.133.0_CC,0.5623610081541883,0.4475537435137138,0.4941404447725385,0.10131189166314,0.0,0.2757598220904373,0.4478520935290919
demd4036_9999_1.2.826.0.1.3680043.9.3218.1.1.1599460.6889.1511988467039.1952.0_MLO,0.4778022225982964,0.2520775623268698,0.6017830609212481,0.1312367303609342,0.1312367303609342,0.4713375796178344,0.6485110470701249
demd3482_9970_1.2.826.0.1.3680043.9.3218.1.1.1478478.5024.1511976368784.3920.0_MLO,0.25461841308298,0.5262910798122066,0.3113888888888889,0.0,0.1290001987676406,0.2806241655540721,0.0300643661720007
demd133_9973_1.2.826.0.1.3680043.9.3218.1.1.2695005.4962.1510228559379.4796.0_CC,0.6699889258028793,0.507424655126966,0.5143418467583497,0.0,0.0,0.8341648373578128,0.4689922480620155
demd108654_9976_1.2.826.0.1.3680043.9.3218.1.1.66060669.1722.1542553898727.284.0_MLO,0.3124165554072096,0.1538050734312416,0.4806408544726301,0.2562082777036048,0.2562082777036048,0.3802403204272363,0.67011447498402
demd136992_9999_1.2.826.0.1.3680043.9.3218.1.1.12265105.7169.1547414769897.321.0_CC,0.4807031723580521,0.3020425005157829,0.4405555555555555,0.5070993914807302,0.5070993914807302,0.5637707948243993,0.3637419654611631
demd6169_9970_1.2.826.0.1.3680043.9.3218.1.1.312078334.4733.1512140599294.97.0_CC,0.5184804928131417,0.3216176470588235,0.5622295631135719,0.2518642123376962,0.2518642123376962,0.5001825102987955,0.3433486108753465
demd38489_9987_1.2.826.0.1.3680043.9.3218.1.1.23729630.1058.1535676320474.480.0_MLO,0.3086292320396366,0.1271676300578034,0.465210355987055,0.0,0.0,0.3199834847233691,0.5197496712167249
demd146783_9999_1.2.826.0.1.3680043.9.3218.1.1.30336043.6250.1570696700188.258.0_MLO,0.1893657767263715,0.1662723893207164,0.2253013405429762,0.0669144981412639,0.1119690638059003,0.0893695317487139,0.2452780594044534
demd5859_9989_1.2.826.0.1.3680043.9.3218.1.1.3066441.1365.1512135165128.2734.0_MLO,0.4594376700594578,0.3506449991623387,0.3799165673420739,0.4383561643835616,0.2744613210879548,0.2481344960891846,0.2086219602063375
demd4036_9999_1.2.826.0.1.3680043.9.3218.1.1.1599460.6889.1511988467039.1944.0_CC,0.8587080375142432,0.4337772050400916,0.6980494547688527,0.0,0.0,0.4743083003952569,0.6608374970259339
demd5406_9983_1.2.826.0.1.3680043.9.3218.1.1.2984797.8432.1512127000746.1612.0_MLO,0.379126213592233,0.6675213675213675,0.4338888888888889,0.2917224752210018,0.2917224752210018,0.4687875150060024,0.1410596026490066
demd4111_9974_1.2.826.0.1.3680043.9.3218.1.1.1599460.6889.1511988467039.5577.0_MLO,0.0590081607030759,0.0153169300961381,0.1175,0.0,0.0,0.07084064228849,0.0133163337583227
demd7112_9965_1.2.826.0.1.3680043.9.3218.1.1.3299559.1613.1512158476932.7647.0_MLO,0.600329851566795,0.7119448525257092,0.5509586276488395,0.1492042440318302,0.3123837857939754,0.7806372549019608,0.1802065161016549
demd2575_9994_1.2.826.0.1.3680043.9.3218.1.1.3866541.1754.1511400095328.9418.0_CC,0.2554444727457972,0.2602521650534896,0.4584819154355578,0.5358507386653082,0.5358507386653082,0.2623535404992358,0.5501782985226694
demd33457_9958_1.2.826.0.1.3680043.9.3218.1.1.18248105.8296.1535128167964.386.0_MLO,0.1102362204724409,0.0951674024299722,0.4511111111111111,0.359504132231405,0.359504132231405,0.8154289834174477,0.0522326454033771
demd5847_9987_1.2.826.0.1.3680043.9.3218.1.1.3066441.1365.1512135165128.2441.0_MLO,0.1179751179751179,0.0789718179002787,0.7174556213017751,0.0,0.2887700534759358,0.1309347603324604,0.1338199513381995
demd92212_9965_1.2.826.0.1.3680043.9.3218.1.1.331495865.2957.1540913283387.76.0_MLO,0.4443658651579443,0.528208481225481,0.3927083333333333,0.3872757156553896,0.1388323840520748,0.5502510089575746,0.3487726655976317
demd140720_9989_1.2.826.0.1.3680043.9.3218.1.1.16136483.1098.1547801907666.336.0_MLO,0.2531800391389432,0.2028848427524237,0.4092389337836208,0.2922439386442355,0.2922439386442355,0.2311974270163285,0.6062592775853538
demd951_9999_1.2.826.0.1.3680043.9.3218.1.1.2817686.8536.1510351239985.7765.0_CC,0.6960873521383075,0.8263493127723768,0.6713470820535322,0.7077510807278576,0.7077510807278576,0.6562275387616798,0.1597615198059822
demd291_9970_1.2.826.0.1.3680043.9.3218.1.1.2807438.9038.1510340992050.4340.0_MLO,0.4336538461538461,0.561993769470405,0.4311440677966102,0.3968792401628223,0.3968792401628223,0.5703703703703704,0.216826923076923
demd5268_9970_1.2.826.0.1.3680043.9.3218.1.1.2938075.9814.1512122328549.5645.0_MLO,0.376595575993023,0.06266318537859,0.4595836712625034,0.0,0.0,0.3660739094192831,0.5261660079051383
demd3292_9977_1.2.826.0.1.3680043.9.3218.1.1.1447924.2040.1511973313408.4545.0_CC,0.4363910277870773,0.543125,0.3620833333333333,0.2818791946308724,0.2818791946308724,0.5550942190993293,0.4212992889463477
demd5585_9994_1.2.826.0.1.3680043.9.3218.1.1.3010695.7588.1512129590473.1175.0_CC,0.598781122714605,0.0,0.4171011470281543,0.0,0.0,0.31262918561389,0.4354838709677419
demd146808_9999_1.2.826.0.1.3680043.9.3218.1.1.30377278.2619.1570700823691.881.0_CC,0.4378179266795299,0.4630774235523747,0.3818574514038877,0.4034863945578231,0.4034863945578231,0.6327104907699235,0.6144222020018199
demd3476_9973_1.2.826.0.1.3680043.9.3218.1.1.1478478.5024.1511976368784.3653.0_CC,0.1444015444015444,0.265625,0.116875,0.2422581529186078,0.2402912621359223,0.0755905511811023,0.0218875580351917
demd7124_9972_1.2.826.0.1.3680043.9.3218.1.1.3299559.1613.1512158476932.8018.0_MLO,0.268857356235997,0.0825404104092628,0.2,0.1545893719806763,0.1545893719806763,0.2010752688172043,0.0369282847581069
demd1645_9993_1.2.826.0.1.3680043.9.3218.1.1.3854251.1387.1511387805385.2149.0_MLO,0.2116271916333436,0.6343612334801763,0.5534995977473853,0.3239364428498206,0.3239364428498206,0.7635960044395117,0.2195030403122888
demd273_9975_1.2.826.0.1.3680043.9.3218.1.1.2807438.9038.1510340992050.3072.0_MLO,0.4376550868486352,0.5393730886850153,0.323210984948508,0.3694684472374967,0.3694684472374967,0.669672520170859,0.1039755351681957
demd2030_9994_1.2.826.0.1.3680043.9.3218.1.1.3860076.2252.1511393629935.1606.0_MLO,0.7823588205897052,0.632183908045977,0.5475141598489616,0.5340153452685422,0.5340153452685422,0.5097451274362819,0.8484741576997706
demd3221_9988_1.2.826.0.1.3680043.9.3218.1.1.14479244.2040.1511973313408.919.0_CC,0.4911070780399274,0.559322033898305,0.3758333333333333,0.4134067780786107,0.4134067780786107,0.8367346938775511,0.2174367215749297
demd128187_9973_1.2.826.0.1.3680043.9.3218.1.1.226777271.1367.1546415036599.64.0_MLO,0.0465211309664136,0.0448299386024753,0.4111111111111111,0.5148589816392202,0.3635122838944495,0.0397198722224172,0.0399397012919981
demd3515_9979_1.2.826.0.1.3680043.9.3218.1.1.1478478.5024.1511976368784.5493.0_CC,0.2709849714614861,0.2223353354372391,0.6842780200051295,0.2555655959911279,0.2555655959911279,0.8366550069145042,0.2352148406532424
demd1662_9964_1.2.826.0.1.3680043.9.3218.1.1.3854251.1387.1511387805385.2823.0_CC,0.6631325301204819,0.8640502354788069,0.5096296296296297,0.3997929300399349,0.0541935177038499,0.1139261467130319,0.0986450641623055
demd142389_9957_1.2.826.0.1.3680043.9.3218.1.1.19715253.3375.1548159784684.211.0_MLO,0.0871990604815032,0.1379310344827586,0.11,0.1611940298507462,0.1611940298507462,0.1683912119064493,0.1294117647058823
demd2635_9985_1.2.826.0.1.3680043.9.3218.1.1.4257579.1312.1511791133165.1814.0_CC,0.2401682683030373,0.1202892479189814,0.2431069062620287,0.3174620508900295,0.1401930671347082,0.1906810736811225,0.2568607233502538
demd3385_9993_1.2.826.0.1.3680043.9.3218.1.1.1447924.2040.1511973313408.9166.0_CC,0.2622377622377622,0.1331676136363636,0.2777777777777778,0.005563462284901,0.2148664343786295,0.3409865878608775,0.1031140441328108
demd37937_9971_1.2.826.0.1.3680043.9.3218.1.1.229296657.1171.1535596324015.52.0_CC,0.4391336818521285,0.6993524514338575,0.4355555555555555,0.4345549738219895,0.4345549738219895,0.6145806114449961,0.1154145826526252
demd1645_9993_1.2.826.0.1.3680043.9.3218.1.1.3854251.1387.1511387805385.2137.0_CC,0.6351839836870887,0.6201716738197425,0.48125,0.4012088070225932,0.4012088070225932,0.8257918552036199,0.577231609489674
demd96_9986_1.2.826.0.1.3680043.9.3218.1.1.2695005.4962.1510228559379.3418.0_MLO,0.2584696261682243,0.3244134897360703,0.184375,0.3095848880597014,0.2810416005080978,0.6624412185647107,0.1298415492957746
demd3295_9976_1.2.826.0.1.3680043.9.3218.1.1.1447924.2040.1511973313408.4652.0_CC,0.5217520195657007,0.6209150326797386,0.6518518518518519,0.3554236729310913,0.3348918125475698,0.5953893628607733,0.4461558889921657
demd4577_9974_1.2.826.0.1.3680043.9.3218.1.1.1676190.2119.1511996139973.8479.0_MLO,0.3109815354713314,0.4119294035298235,0.4662251655629139,0.3116337673246535,0.3116337673246535,0.2646531100478468,0.2444097763910556
demd103427_9999_1.2.826.0.1.3680043.9.3218.1.1.80309303.2039.1541973601335.122.0_CC,0.6743719935863175,0.3242506811989101,0.7023825194155587,0.6265021631148854,0.6265021631148854,0.6885245901639344,0.0505049549890309
demd142399_9957_1.2.826.0.1.3680043.9.3218.1.1.19725739.9948.1548160833325.139.0_MLO,0.7301364083813809,0.6788022064617809,0.6717557251908397,0.7168498990352254,0.7168498990352254,0.6987522281639929,0.5617836243168738
demd3295_9976_1.2.826.0.1.3680043.9.3218.1.1.1447924.2040.1511973313408.4660.0_MLO,0.3651427430624875,0.3278992219340496,0.3496296296296296,0.3273799202358245,0.3273799202358245,0.4687189672293942,0.0620063385716866
demd89_9981_1.2.826.0.1.3680043.9.3218.1.1.2695005.4962.1510228559379.3172.0_CC,0.7464485578992682,0.6474014336917563,0.5576,0.5244755244755245,0.5244755244755245,0.8331345656927053,0.1872327560143394
demd7112_9965_1.2.826.0.1.3680043.9.3218.1.1.3299559.1613.1512158476932.7635.0_CC,0.7987587276958883,0.8275351014040562,0.7208398133748056,0.5883628939645272,0.0875059434548846,0.8662175168431184,0.7739071038251366
demd3246_9973_1.2.826.0.1.3680043.9.3218.1.1.1447924.2040.1511973313408.2312.0_MLO,0.1106578276389597,0.1877433309300649,0.0964444444444444,0.0037783375314861,0.0,0.0161940298507462,0.0066738086328943
demd64844_9982_1.2.826.0.1.3680043.9.3218.1.1.89799060.5128.1538496315341.446.0_CC,0.2906970717802539,0.3861441213653603,0.7660435536712276,0.4993031732418524,0.3074691805656273,0.4141243890106186,0.5734410017430899
demd204_9974_1.2.826.0.1.3680043.9.3218.1.1.28074383.9038.1510340992050.128.0_CC,0.727205199628598,0.5654026119142398,0.7215743440233237,0.0,0.4819047619047619,0.6834571480340641,0.3657225459637711
demd2272_9966_1.2.826.0.1.3680043.9.3218.1.1.3863114.4093.1511396668137.4158.0_MLO,0.5134027470093044,0.1540385220516387,0.6670604550824387,0.5096976459960678,0.0469050054078712,0.1988884839650145,0.1310801714670351
demd3198_9999_1.2.826.0.1.3680043.9.3218.1.1.140575.1758.1511969095974.11894.0_MLO,0.1989795918367347,0.0875698493683187,0.2011494252873563,0.0772672672672672,0.0,0.5996238918241247,0.3039965986394558
demd142111_9983_1.2.826.0.1.3680043.9.3218.1.1.18808512.7519.1548069110560.364.0_MLO,0.6108578532946539,0.1585390946502057,0.5610564093125978,0.1775526110678098,0.1775526110678098,0.7107617586912065,0.0519576853373793
demd3233_9979_1.2.826.0.1.3680043.9.3218.1.1.1447924.2040.1511973313408.1562.0_MLO,0.3162955465587044,0.6412448700410397,0.3108108108108108,0.2836396641706376,0.2836396641706376,0.5252100840336135,0.3369877785765636
demd89_9981_1.2.826.0.1.3680043.9.3218.1.1.2695005.4962.1510228559379.3184.0_MLO,0.6891921160927009,0.1715006305170239,0.8552478632478633,0.6033052495139339,0.0716773847802786,0.6880105017502918,0.1807432432432432
demd5790_9977_1.2.826.0.1.3680043.9.3218.1.1.30664416.1365.1512135165128.737.0_CC,0.5561049828832255,0.5743589743589743,0.550561797752809,0.3697306978826841,0.3697306978826841,0.5813390313390313,0.7977574750830565
demd5960_9981_1.2.826.0.1.3680043.9.3218.1.1.3066441.1365.1512135165128.5701.0_CC,0.2929292929292929,0.0353107344632768,0.2013888888888889,0.1776525361431021,0.198522622345337,0.3510045993706124,0.0311868198047059
demd103924_9977_1.2.826.0.1.3680043.9.3218.1.1.131057799.6274.1542024349831.71.0_CC,0.1548294319725174,0.1931112365894974,0.0,0.0,0.0,0.6382978723404256,0.2030305684505562
demd133_9973_1.2.826.0.1.3680043.9.3218.1.1.2695005.4962.1510228559379.4808.0_MLO,0.5062968005445881,0.6950934579439252,0.4131944444444444,0.6213235294117647,0.1044730392156862,0.1589958158995816,0.1999731128587752
demd2575_9994_1.2.826.0.1.3680043.9.3218.1.1.3866541.1754.1511400095328.9430.0_MLO,0.5880555829309155,0.4909332807726421,0.5321769981275254,0.0,0.0,0.4270720409973391,0.8470056288640768
demd3476_9973_1.2.826.0.1.3680043.9.3218.1.1.1478478.5024.1511976368784.3661.0_MLO,0.116504854368932,0.0110437917018176,0.1,0.054759898904802,0.0698174006444683,0.1722488038277512,0.0094271685761047
demd2475_9981_1.2.826.0.1.3680043.9.3218.1.1.3866541.1754.1511400095328.3926.0_CC,0.6071354918539905,0.8559980767689719,0.6377991611152233,0.0,0.2231638418079096,0.8740947992100065,0.8001781472684085
demd204_9974_1.2.826.0.1.3680043.9.3218.1.1.28074383.9038.1510340992050.136.0_MLO,0.2310720649786581,0.0598164721876062,0.582544116645091,0.0,0.0,0.0,0.1821796666242524
demd4140_9983_1.2.826.0.1.3680043.9.3218.1.1.1599460.6889.1511988467039.7003.0_CC,0.2509615384615384,0.5645277577505408,0.2175,0.0623755806237558,0.1848887683125339,0.4547038327526132,0.0307541241162608
demd91839_9967_1.2.826.0.1.3680043.9.3218.1.1.32892476.1314.1540887572374.392.0_MLO,0.1845972423802612,0.3380398671096346,0.1413194444444444,0.1827406609195402,0.1827406609195402,0.2854938271604938,0.1245410036719706
demd4553_9964_1.2.826.0.1.3680043.9.3218.1.1.1676190.2119.1511996139973.7500.0_CC,0.1658653846153846,0.2987012987012987,0.1245833333333333,0.125122053284977,0.125122053284977,0.4697564807541241,0.0179410764645878
demd5856_9982_1.2.826.0.1.3680043.9.3218.1.1.3066441.1365.1512135165128.2649.0_MLO,0.269971721456345,0.3238287046851812,0.2828703703703704,0.2539284520227349,0.2539284520227349,0.4476190476190476,0.084178331312686
demd5404_9999_1.2.826.0.1.3680043.9.3218.1.1.2984797.8432.1512127000746.1533.0_CC,0.3467401285583104,0.4621787025703794,0.3496296296296296,0.3068529471751988,0.3068529471751988,0.4526492447854232,0.0687120136841722
demd136992_9999_1.2.826.0.1.3680043.9.3218.1.1.12265105.7169.1547414769897.333.0_MLO,0.2816300405376573,0.392040392040392,0.2444444444444444,0.0,0.1506849315068493,0.3697478991596639,0.0965406275140788
demd87134_9985_1.2.826.0.1.3680043.9.3218.1.1.28670240.3568.1540465348774.271.0_MLO,0.0892166860341025,0.0843554819775754,0.26125,0.3179747722494744,0.3205298013245033,0.4583333333333333,0.0371152328334648
demd7432_9988_1.2.826.0.1.3680043.9.3218.1.1.3370786.8916.1512165599585.5028.0_CC,0.1100221893491124,0.0559210526315789,0.0826388888888888,0.118705035971223,0.118705035971223,0.1405954631379962,0.0141981053284654
demd142453_9968_1.2.826.0.1.3680043.9.3218.1.1.20001205.1267.1548188379869.482.0_CC,0.523097273097273,0.4898249898249898,0.6812796208530806,0.2473922274531524,0.2473922274531524,0.7276998981909312,0.7698635258926902
demd836_9976_1.2.826.0.1.3680043.9.3218.1.1.2817686.8536.1510351239985.1266.0_CC,0.6563624814736396,0.2171091885441527,0.6198056400166935,0.5707275442713889,0.5707275442713889,0.548992673992674,0.1002949307051525
demd143833_9988_1.2.826.0.1.3680043.9.3218.1.1.22739998.3118.1548462259187.238.0_CC,0.4719204084304228,0.4843428947152133,0.5858636137381782,0.6654320987654321,0.1513619557835961,0.4635761589403973,0.33218948153674
demd6295_9973_1.2.826.0.1.3680043.9.3218.1.1.3120783.4733.1512140599294.3849.0_CC,0.5574095022624435,0.7182944606413995,0.5475,0.4900268507863444,0.4287560202043933,0.4854679802955665,0.1511078173315274
demd2991_9966_1.2.826.0.1.3680043.9.3218.1.1.133376.8684.1511961897765.10640.0_MLO,0.2461661023700458,0.0921052631578947,0.3297048356709232,0.0,0.0,0.1032346015615317,0.2610982925703738
demd4598_9963_1.2.826.0.1.3680043.9.3218.1.1.1676190.2119.1511996139973.9411.0_CC,0.742409715564078,0.8349397590361446,0.78625,0.3290671217292377,0.3290671217292377,0.7285677285677286,0.4901352874859075
demd150792_9999_1.2.826.0.1.3680043.9.3218.1.1.12906030.1257.1573248666172.263.0_CC,0.1188610240334378,0.2294117647058823,0.0947916666666666,0.1219937260369466,0.1310861423220973,0.1408087476789767,0.0134519867549668
demd2998_9973_1.2.826.0.1.3680043.9.3218.1.1.133376.8684.1511961897765.11027.0_CC,0.7052836124733969,0.6331349399941457,0.5848245010323468,0.6347435043304464,0.4845378151260504,0.711671335200747,0.4582732082732083
demd5526_9975_1.2.826.0.1.3680043.9.3218.1.1.2984797.8432.1512127000746.5160.0_CC,0.4166666666666667,0.5279503105590062,0.4640883977900552,0.388739946380697,0.3046302310476014,0.5337078651685393,0.2891156462585034
demd130538_9979_1.2.826.0.1.3680043.9.3218.1.1.61738862.1353.1546805647955.167.0_MLO,0.575950647249191,0.6346772957228269,0.3954861111111111,0.0033723940591361,0.2296880356530682,0.2348334054521852,0.0909395758814512
demd5545_9944_1.2.826.0.1.3680043.9.3218.1.1.2984797.8432.1512127000746.5763.0_MLO,0.5314623710042788,0.58202839162886,0.4575325480471172,0.0,0.0,0.5118050266565118,0.1379579285141278
demd5856_9982_1.2.826.0.1.3680043.9.3218.1.1.3066441.1365.1512135165128.2641.0_CC,0.324027724297266,0.4654983570646221,0.3116666666666666,0.2041338582677165,0.2041338582677165,0.0902041727100301,0.047206248390696
demd3233_9979_1.2.826.0.1.3680043.9.3218.1.1.1447924.2040.1511973313408.1550.0_CC,0.7127218934911242,0.4685515008095653,0.7013888888888888,0.055976867259534,0.055976867259534,0.6922354708478077,0.2430173955454397
demd1468_9984_1.2.826.0.1.3680043.9.3218.1.1.3850610.1631.1511384163736.3290.0_CC,0.5273911755996447,0.0499519692603266,0.8041958041958042,0.5931254996003198,0.5931254996003198,0.4793478260869565,0.7487852283770651
demd836_9976_1.2.826.0.1.3680043.9.3218.1.1.2817686.8536.1510351239985.1278.0_MLO,0.7731769237503283,0.3463682208263293,0.5999200639488409,0.6726277372262773,0.5053605041329078,0.722762380736029,0.5146032277880158
demd140720_9989_1.2.826.0.1.3680043.9.3218.1.1.16136483.1098.1547801907666.326.0_CC,0.2597581757688874,0.0700843211536111,0.2932909690822436,0.1300934003900236,0.1300934003900236,0.1690496557904598,0.6008941832156911
demd2424_9987_1.2.826.0.1.3680043.9.3218.1.1.3866541.1754.1511400095328.1166.0_MLO,0.095300409649522,0.1056349131271087,0.2326388888888889,0.2247741935483871,0.2247741935483871,0.083729216152019,0.0671140939597315
demd246_9995_1.2.826.0.1.3680043.9.3218.1.1.2807438.9038.1510340992050.1773.0_CC,0.0,0.0,0.0,0.0,0.0131915466415399,0.0,0.0089203654646699
demd3292_9977_1.2.826.0.1.3680043.9.3218.1.1.1447924.2040.1511973313408.4553.0_MLO,0.3109282544378698,0.3268221574344023,0.2335416666666666,0.3571307444463286,0.0,0.5943796394485684,0.0449118589743589
demd968_9944_1.2.826.0.1.3680043.9.3218.1.1.2817686.8536.1510351239985.8610.0_MLO,0.2829082844923174,0.4013483146067416,0.2480555555555555,0.2637485970819304,0.0,0.4495832212960473,0.1177944862155388
demd2595_9999_1.2.826.0.1.3680043.9.3218.1.1.386654.1754.1511400095328.10453.0_MLO,0.1869318181818181,0.2277131782945736,0.1142361111111111,0.0,0.0,0.0172400282109552,0.0195426195426195
demd131257_9999_1.2.826.0.1.3680043.9.3218.1.1.684885685.1232.1546873145013.58.0_CC,0.0,0.0480903261778645,0.0,0.0,0.0,0.0,0.0
demd146834_9945_1.2.826.0.1.3680043.9.3218.1.1.30436939.1726.1570706789769.423.0_CC,0.0946292005644304,0.0,0.0,0.0,0.0,0.0,0.1353247968395335
demd4150_9980_1.2.826.0.1.3680043.9.3218.1.1.1599460.6889.1511988467039.7547.0_MLO,0.1383203952011291,0.0554259455638034,0.1088888888888888,0.2579630357845064,0.2579630357845064,0.0820770519262981,0.0268750856986151
demd5765_9966_1.2.826.0.1.3680043.9.3218.1.1.306644168.1365.1512135165128.29.0_CC,0.753084441595898,0.6100925008259003,0.6531815137307435,0.4441510733555275,0.2719577606436473,0.6924722816572652,0.2008405501782985
demd6194_9988_1.2.826.0.1.3680043.9.3218.1.1.31207833.4733.1512140599294.887.0_CC,0.4990842490842491,0.4536455607884179,0.6279434850863422,0.045285151482886,0.6829442591710339,0.4173207744636316,0.7872789035961111
demd39841_9987_1.2.826.0.1.3680043.9.3218.1.1.25123487.7167.1535815706214.253.0_CC,0.4009126466753585,0.5590909090909091,0.3584070796460177,0.0584369762723824,0.0670784184680808,0.4456521739130434,0.3203125
demd1636_9982_1.2.826.0.1.3680043.9.3218.1.1.3854251.1387.1511387805385.1711.0_CC,0.043460434604346,0.0273700804522722,0.1864814814814814,0.1430722891566265,0.2872896111433546,0.3822814777895458,0.0192856458871971
demd2635_9985_1.2.826.0.1.3680043.9.3218.1.1.4257579.1312.1511791133165.1832.0_MLO,0.4696859464047532,0.4349310964649491,0.3901902024341019,0.1583962264150943,0.0,0.0455903658094893,0.3901931401931402
demd142389_9957_1.2.826.0.1.3680043.9.3218.1.1.19715253.3375.1548159784684.201.0_CC,0.0306086956521739,0.0413145539906103,0.1548148148148148,0.0,0.0,0.8206612490259378,0.0114538591695952
demd5765_9966_1.2.826.0.1.3680043.9.3218.1.1.306644168.1365.1512135165128.21.0_MLO,0.7015224358974359,0.6486952240275726,0.5418164868824078,0.240566037735849,0.240566037735849,0.0308754824294129,0.1732634767303835
demd150675_9993_1.2.826.0.1.3680043.9.3218.1.1.12681279.2027.1573226191100.540.0_MLO,0.5392710293400237,0.4110155474694013,0.5211493842584329,0.2990830461078234,0.553734902684822,0.751995879474633,0.3509998907223254
demd1754_9983_1.2.826.0.1.3680043.9.3218.1.1.3854251.1387.1511387805385.6977.0_CC,0.3619698058950395,0.5221674876847291,0.3729629629629629,0.1857712594879711,0.1857712594879711,0.4225444238526109,0.0501994017946161
demd5279_9980_1.2.826.0.1.3680043.9.3218.1.1.2938075.9814.1512122328549.6275.0_MLO,0.2667607621736062,0.3067559342665855,0.28,0.0,0.0,0.316781898177247,0.1140271493212669
demd150142_9976_1.2.826.0.1.3680043.9.3218.1.1.12104711.2124.1573168534259.445.0_CC,0.5242718446601942,0.3497003672917069,0.3825,0.3226415094339622,0.3226415094339622,0.0812702234931146,0.1216050225194486
demd132146_9968_1.2.826.0.1.3680043.9.3218.1.1.76960881.1702.1546957868146.161.0_MLO,0.390590405904059,0.4700162074554295,0.4135185185185185,0.4354695992921248,0.0622158145724742,0.4712461749498786,0.3002958579881656
demd246_9995_1.2.826.0.1.3680043.9.3218.1.1.2807438.9038.1510340992050.1785.0_MLO,0.3674038115785689,0.4199888950583009,0.3784259259259259,0.3541569902461681,0.050449907759497,0.0827660080933111,0.0952614036314476
demd4519_9961_1.2.826.0.1.3680043.9.3218.1.1.1676190.2119.1511996139973.6026.0_CC,0.2740384615384615,0.1768390907463755,0.2744444444444444,0.1592551757932132,0.1524402490459931,0.3666501731815932,0.016223316912972
demd273_9975_1.2.826.0.1.3680043.9.3218.1.1.2807438.9038.1510340992050.3064.0_CC,0.0353418172443694,0.03879199464938,0.0,0.0,0.0,0.0,0.0218655298911073
demd150100_9975_1.2.826.0.1.3680043.9.3218.1.1.12024148.1737.1573160477973.133.0_MLO,0.0908572243617173,0.1067538126361655,0.2359259259259259,0.2301716350496838,0.2301716350496838,0.0761229314420803,0.0813953488372093
demd3156_9988_1.2.826.0.1.3680043.9.3218.1.1.1405750.1758.1511969095974.9367.0_CC,0.0,0.0,0.0,0.0,0.0,0.0,0.0
demd1662_9964_1.2.826.0.1.3680043.9.3218.1.1.3854251.1387.1511387805385.2835.0_MLO,0.0527049637479085,0.0351791530944625,0.0153061224489795,0.0,0.0483537677366028,0.0,0.0853465793632874
demd5935_9969_1.2.826.0.1.3680043.9.3218.1.1.3066441.1365.1512135165128.4987.0_MLO,0.2006675981990374,0.1884660250801983,0.1795138888888889,0.3211180124223602,0.3211180124223602,0.2485576923076923,0.0252337908279807
demd133265_9991_1.2.826.0.1.3680043.9.3218.1.1.86581387.1001.1547054073198.154.0_MLO,0.0,0.0,0.0,0.0,0.0,0.0,0.0
demd5811_9970_1.2.826.0.1.3680043.9.3218.1.1.3066441.1365.1512135165128.1353.0_MLO,0.6053960109244393,0.572507869884575,0.5128440366972477,0.0,0.0,0.7377877596855699,0.5715977888918137
demd3179_9978_1.2.826.0.1.3680043.9.3218.1.1.140575.1758.1511969095974.10453.0_MLO,0.0755371423065806,0.4928492849284928,0.2322962962962963,0.6014030612244898,0.1069444444444444,0.8690542364805844,0.0576523577534699
demd3524_9974_1.2.826.0.1.3680043.9.3218.1.1.1478478.5024.1511976368784.5905.0_CC,0.5650444863844702,0.4948758376034686,0.6122392017305143,0.3275471163383874,0.3275471163383874,0.5952755905511811,0.8496581450653984
demd6938_9999_1.2.826.0.1.3680043.9.3218.1.1.321726.3148.1512150247410.12975.0_MLO,0.0614552605703048,0.061050061050061,0.0694444444444444,0.0,0.0,0.1428571428571428,0.0318309141838553
demd4111_9974_1.2.826.0.1.3680043.9.3218.1.1.1599460.6889.1511988467039.5569.0_CC,0.0287988797053137,0.026950354609929,0.0203093819437564,0.0,0.0,0.0288376139638578,0.0167050418336697
demd40649_9961_1.2.826.0.1.3680043.9.3218.1.1.26233366.1546.1535926694115.237.0_CC,0.0665812819015689,0.0643520819791228,0.5847196549599507,0.0,0.0,0.5967351874244257,0.0653480220330495
demd150675_9993_1.2.826.0.1.3680043.9.3218.1.1.12681279.2027.1573226191100.536.0_CC,0.6291315249601094,0.1889861039629439,0.5463560885608856,0.0,0.0,0.0643039954500213,0.0607287449392712
demd142420_9976_1.2.826.0.1.3680043.9.3218.1.1.19826722.1319.1548170931616.258.0_MLO,0.5618036030407164,0.5693330519206417,0.3312782572955199,0.4397978315806635,0.4397978315806635,0.4678502879078695,0.1154825866386968
demd36563_9974_1.2.826.0.1.3680043.9.3218.1.1.21565685.9550.1535459925973.490.0_CC,0.6819779704710569,0.46078184110971,0.5203045685279187,0.5383061607271677,0.5383061607271677,0.5869565217391305,0.2818391286133221
demd6875_9974_1.2.826.0.1.3680043.9.3218.1.1.3217264.3148.1512150247410.8299.0_MLO,0.4333657587548638,0.3169868554095045,0.42625,0.0,0.0,0.6409774436090225,0.356115107913669
demd3227_9942_1.2.826.0.1.3680043.9.3218.1.1.1447924.2040.1511973313408.1230.0_CC,0.3901098901098901,0.4257745675727048,0.3466666666666667,0.2800626713670192,0.2800626713670192,0.4765177548682703,0.2802919708029197
demd3304_9984_1.2.826.0.1.3680043.9.3218.1.1.1447924.2040.1511973313408.5093.0_MLO,0.0,0.0,0.0,0.0,0.0,0.0,0.0
demd4528_9988_1.2.826.0.1.3680043.9.3218.1.1.1676190.2119.1511996139973.6447.0_MLO,0.3389083788855348,0.5084455324357405,0.3611869652284726,0.0,0.3312599681020733,0.4951174452362101,0.0827654911336919
demd2036_9994_1.2.826.0.1.3680043.9.3218.1.1.3860076.2252.1511393629935.1874.0_CC,0.104135865163339,0.1192829619701792,0.175386174372832,0.11973029503852,0.0,0.1492780024907113,0.1600945778924176
demd2157_9968_1.2.826.0.1.3680043.9.3218.1.1.3860076.2252.1511393629935.8156.0_CC,0.3865225683407501,0.5174468085106383,0.3377777777777778,0.1483627933932193,0.0390571363185597,0.1072318072725626,0.0638554849551016
demd5624_9973_1.2.826.0.1.3680043.9.3218.1.1.3010695.7588.1512129590473.2634.0_CC,0.4102910768251948,0.5622819424799623,0.4362950903949961,0.506799252082271,0.506799252082271,0.4244283876076413,0.0419410715510736
demd72_9978_1.2.826.0.1.3680043.9.3218.1.1.2695005.4962.1510228559379.2484.0_CC,0.5493646978021978,0.5871996685998343,0.5130641330166271,0.5072720822986875,0.5072720822986875,0.6883605851979346,0.1063805027264263
demd146783_9999_1.2.826.0.1.3680043.9.3218.1.1.30336043.6250.1570696700188.254.0_CC,0.0,0.0,0.0,0.0,0.0,0.0,0.0
demd124502_9982_1.2.826.0.1.3680043.9.3218.1.1.37747679.1475.1545668059984.329.0_CC,0.7335012594458439,0.6841796875,0.8111002921129503,0.4972892732670711,0.4972892732670711,0.5045229767217465,0.73125
demd354_9982_1.2.826.0.1.3680043.9.3218.1.1.2807438.9038.1510340992050.8789.0_MLO,0.1685971685971685,0.1306194589355455,0.1858483754512635,0.0,0.0,0.1276437541308658,0.3190929337922656
demd3812_9978_1.2.826.0.1.3680043.9.3218.1.1.15525962.7414.1511983780584.646.0_MLO,0.0,0.0,0.0,0.0145366444579043,0.0,0.0,0.0230692980084707
demd2515_9999_1.2.826.0.1.3680043.9.3218.1.1.3866541.1754.1511400095328.6024.0_CC,0.3175145100716968,0.4038211029092488,0.3444444444444444,0.2814769975786925,0.0279108942522726,0.5035873832408285,0.2628603730921424
demd4046_9969_1.2.826.0.1.3680043.9.3218.1.1.1599460.6889.1511988467039.2502.0_MLO,0.1395483885377348,0.130850690381465,0.5081510934393638,0.5434366628396479,0.5434366628396479,0.1047006751267613,0.1062334924992518
demd4150_9980_1.2.826.0.1.3680043.9.3218.1.1.1599460.6889.1511988467039.7539.0_CC,0.1427713942719945,0.0948339693569516,0.1541666666666666,0.1202773965180957,0.0415525364303714,0.228395061728395,0.0208208283313325
demd23443_9962_1.2.826.0.1.3680043.9.3218.1.1.3830084347.7434.1532838474491.8.0_MLO,0.0477157360406091,0.0467151880470678,0.0,0.0154100766600571,0.0,0.0384755179396645,0.0500725689404934
demd2482_9979_1.2.826.0.1.3680043.9.3218.1.1.3866541.1754.1511400095328.4259.0_CC,0.5831681732489002,0.5661526562575531,0.6960893314642046,0.2009857874336029,0.6038886770873046,0.6323294822835597,0.8500021162229653
demd7124_9972_1.2.826.0.1.3680043.9.3218.1.1.3299559.1613.1512158476932.8006.0_CC,0.0192742373534719,0.0184182986993571,0.2291666666666666,0.3931409452112087,0.1309861117562357,0.0199571827715084,0.0190994328047227
demd3291_9971_1.2.826.0.1.3680043.9.3218.1.1.1447924.2040.1511973313408.4501.0_MLO,0.183284023668639,0.1160112359550561,0.1835555555555555,0.1456190867955573,0.1384311140408701,0.4188640973630831,0.0417903399892066
demd91839_9967_1.2.826.0.1.3680043.9.3218.1.1.32892476.1314.1540887572374.381.0_CC,0.1779661016949152,0.2625,0.1983333333333333,0.1921463972550514,0.0462699316628701,0.2042723631508678,0.126
demd951_9999_1.2.826.0.1.3680043.9.3218.1.1.2817686.8536.1510351239985.7773.0_MLO,0.3162207357859531,0.4062298603651987,0.2626388888888888,0.1704309063893016,0.2612281488121918,0.4545673076923077,0.2362568715642179
demd3244_9999_1.2.826.0.1.3680043.9.3218.1.1.1447924.2040.1511973313408.2210.0_MLO,0.1209718026183283,0.0873744308737443,0.1148148148148148,0.0,0.0,0.1354303189165574,0.0701992753623188
demd7104_9921_1.2.826.0.1.3680043.9.3218.1.1.3299559.1613.1512158476932.7348.0_MLO,0.6958499931063008,0.2872590503055947,0.5978309986443742,0.3808954510132106,0.2624227266292294,0.7804608803642886,0.6340683924576542
demd6849_9999_1.2.826.0.1.3680043.9.3218.1.1.3217264.3148.1512150247410.5623.0_CC,0.5072453523715276,0.1680115870060004,0.5918029773938615,0.3175441792676262,0.0425107937562271,0.6877303018424148,0.1818146984443252
demd6194_9988_1.2.826.0.1.3680043.9.3218.1.1.31207833.4733.1512140599294.895.0_MLO,0.5606060606060606,0.4869109947643979,0.5963971825718382,0.2749276344152245,0.2749276344152245,0.6558120075308556,0.3393878848424303
demd3184_9994_1.2.826.0.1.3680043.9.3218.1.1.140575.1758.1511969095974.10817.0_MLO,0.1632044876851608,0.0073492143943233,0.120464952448045,0.0071201177557936,0.0,0.3909897292250233,0.0960497835497835
demd2186_9977_1.2.826.0.1.3680043.9.3218.1.1.3860076.2252.1511393629935.9500.0_MLO,0.3189261233815689,0.3283991765513185,0.2326388888888889,0.4312705366922234,0.4312705366922234,0.1362007168458781,0.2029073288915808
demd1636_9982_1.2.826.0.1.3680043.9.3218.1.1.3854251.1387.1511387805385.1723.0_MLO,0.0850290697674418,0.08060413354531,0.105625,0.0,0.0,0.1814386257902898,0.1291610054347826
demd133433_9999_1.2.826.0.1.3680043.9.3218.1.1.88248016.5482.1547070739488.120.0_CC,0.2316341829085457,0.1795217401408287,0.7510126924115582,0.4657794676806083,0.4657794676806083,0.1649564843666058,0.1062065601755883
demd99558_9999_1.2.826.0.1.3680043.9.3218.1.1.40060371.1905.1541604361853.257.0_MLO,0.0353577266440337,0.0357651607651607,0.0390555555555555,0.1107968724005989,0.1107968724005989,0.036702516445651,0.0279968140183193
demd5464_9983_1.2.826.0.1.3680043.9.3218.1.1.2984797.8432.1512127000746.3156.0_CC,0.1228070175438596,0.0929578967964567,0.1419656786271451,0.0,0.0,0.4498346196251378,0.4176164695825616
demd64757_9965_1.2.826.0.1.3680043.9.3218.1.1.89002756.1028.1538488352304.395.0_CC,0.1795157967032967,0.0165306896878854,0.1936111111111111,0.1998088867654085,0.1998088867654085,0.124074074074074,0.0318949343339587
demd142111_9983_1.2.826.0.1.3680043.9.3218.1.1.18808512.7519.1548069110560.374.0_CC,0.4031823085221143,0.5416012558869702,0.4152777777777778,0.4256674757281553,0.4256674757281553,0.1800172265288544,0.0453800388538125
demd3337_9956_1.2.826.0.1.3680043.9.3218.1.1.1447924.2040.1511973313408.6850.0_MLO,0.0943992773261065,0.1383495145631068,0.0870833333333333,0.0657718120805369,0.095447409733124,0.6595588235294118,0.0269648424900548
demd5217_9943_1.2.826.0.1.3680043.9.3218.1.1.2938075.9814.1512122328549.3078.0_MLO,0.5181284790130886,0.6118039697874583,0.4188439149857858,0.0,0.0,0.3299663299663299,0.2865591397849462
demd84010_9972_1.2.826.0.1.3680043.9.3218.1.1.26051716.3966.1540203496420.244.0_CC,0.2125237191650854,0.2526587173702868,0.2177777777777777,0.2333333333333333,0.0,0.5749078206869784,0.0478204294079375
demd4509_9972_1.2.826.0.1.3680043.9.3218.1.1.1676190.2119.1511996139973.5446.0_MLO,0.415985946420729,0.4228571428571429,0.2832618025751073,0.2614975294564804,0.0428100304897019,0.4903239377366428,0.0605015393656025
demd4719_9968_1.2.826.0.1.3680043.9.3218.1.1.1707505.2116.1511999271557.5847.0_MLO,0.2143037230019329,0.0464114631481637,0.3747170760331964,0.0,0.2184007059416757,0.1952264896209765,0.4202453987730061
demd5811_9970_1.2.826.0.1.3680043.9.3218.1.1.3066441.1365.1512135165128.1345.0_CC,0.6148634342578869,0.4685471233490038,0.5382454168715319,0.4308702096125344,0.4308702096125344,0.6267819958353356,0.0975332607357606
demd4178_9974_1.2.826.0.1.3680043.9.3218.1.1.1599460.6889.1511988467039.8912.0_CC,0.2176548089591568,0.3685854529228023,0.2294444444444444,0.2144340602284527,0.2144340602284527,0.2393509127789046,0.0153760238272524
demd64844_9982_1.2.826.0.1.3680043.9.3218.1.1.89799060.5128.1538496315341.436.0_MLO,0.2808475280432073,0.0,0.7096153846153846,0.4134989263536649,0.4134989263536649,0.6905600212582209,0.3924365614420879
demd112564_9980_1.2.826.0.1.3680043.9.3218.1.1.118647302.3567.1543079765053.68.0_CC,0.0,0.0,0.0,0.0,0.0,0.0,0.0
demd112564_9980_1.2.826.0.1.3680043.9.3218.1.1.118647302.3567.1543079765053.72.0_MLO,0.3594821020563595,0.3641975308641975,0.2468957947451464,0.0,0.4576969696969697,0.1627028228495221,0.1078056301033518
demd3198_9999_1.2.826.0.1.3680043.9.3218.1.1.140575.1758.1511969095974.11882.0_CC,0.5612358301844854,0.1604430614210565,0.088908646365859,0.037082314588427,0.3734457800498925,0.4459140292867265,0.2367536358985602
demd5381_9972_1.2.826.0.1.3680043.9.3218.1.1.29847978.8432.1512127000746.925.0_MLO,0.2073189311069807,0.136788109956596,0.2293333333333333,0.3805852962169879,0.0,0.1102673463018828,0.1677791262135922
demd2111_9989_1.2.826.0.1.3680043.9.3218.1.1.3860076.2252.1511393629935.5930.0_CC,0.1593974000728951,0.0100946811473127,0.1998016310337227,0.3038647342995169,0.3038647342995169,0.0101659751037344,0.1475140712945591
demd133265_9991_1.2.826.0.1.3680043.9.3218.1.1.86581387.1001.1547054073198.166.0_CC,0.5630401853336897,0.5634920634920635,0.6705555555555556,0.3902439024390244,0.6311111111111111,0.8184900542495479,0.1605943009202794
demd2554_9981_1.2.826.0.1.3680043.9.3218.1.1.3866541.1754.1511400095328.7919.0_MLO,0.1354620222544751,0.1569213525126097,0.1166666666666666,0.150416330915928,0.1607963246554364,0.2058823529411764,0.132013201320132
demd2317_9999_1.2.826.0.1.3680043.9.3218.1.1.3863114.4093.1511396668137.6435.0_CC,0.3488840409464675,0.4583333333333333,0.385,0.0959023539668701,0.0,0.5238095238095238,0.188298161398424
demd2228_9999_1.2.826.0.1.3680043.9.3218.1.1.3863114.4093.1511396668137.1710.0_CC,0.281870595771941,0.2221829508051867,0.3180984779871435,0.2236567375110552,0.3814163835574539,0.1421502573505047,0.4473701650135854
demd5801_9972_1.2.826.0.1.3680043.9.3218.1.1.3066441.1365.1512135165128.1062.0_MLO,0.3980964204427891,0.3517483964411338,0.4036483601785368,0.1473396998635743,0.1778307174887892,0.3750258638526795,0.4812884888678351
demd5418_9999_1.2.826.0.1.3680043.9.3218.1.1.2984797.8432.1512127000746.1933.0_CC,0.3527897311412704,0.3037993306116444,0.529625951671632,0.1418398109671637,0.0,0.2542204568023833,0.6942145720695869
demd841_9966_1.2.826.0.1.3680043.9.3218.1.1.2817686.8536.1510351239985.1579.0_MLO,0.5531881560394799,0.4657453690091149,0.50875,0.0,0.0326253086177842,0.472506605019815,0.3368895429044422
demd103924_9977_1.2.826.0.1.3680043.9.3218.1.1.131057799.6274.1542024349831.82.0_MLO,0.0618160651920838,0.0591094153006629,0.0,0.0,0.0,0.0830138153490353,0.0794579830442339
demd5607_9968_1.2.826.0.1.3680043.9.3218.1.1.3010695.7588.1512129590473.1997.0_CC,0.4623621025308241,0.1101388050694025,0.4477723698989143,0.3852201257861635,0.1456436931079323,0.7024673439767779,0.2081279222522001
demd114896_9985_1.2.826.0.1.3680043.9.3218.1.1.1516503339.3770.1543409795371.5.0_CC,0.1525641025641025,0.238,0.1983333333333333,0.1525281683583201,0.1525281683583201,0.2254736842105263,0.0662296703976253
demd952_9972_1.2.826.0.1.3680043.9.3218.1.1.2817686.8536.1510351239985.7796.0_MLO,0.4445048966267682,0.4391705507466946,0.2417458527943308,0.0,0.0,0.4242571255306246,0.299789621318373
demd7046_9999_1.2.826.0.1.3680043.9.3218.1.1.3299559.1613.1512158476932.4465.0_MLO,0.3930337078651685,0.1411827384123601,0.2429166666666666,0.1379821958456973,0.0231863692253644,0.6452565522332964,0.111047619047619
demd358_9977_1.2.826.0.1.3680043.9.3218.1.1.2807438.9038.1510340992050.9071.0_MLO,0.290998742339249,0.2566993897585566,0.7466666666666667,0.0940616919098633,0.0,0.5609586662035428,0.1549446149739757
demd4078_9959_1.2.826.0.1.3680043.9.3218.1.1.1599460.6889.1511988467039.3956.0_CC,0.8012467913458012,0.6051401869158879,0.6133333333333333,0.6501220504475184,0.0,0.7943074003795066,0.3753506162345941
demd124502_9982_1.2.826.0.1.3680043.9.3218.1.1.37747679.1475.1545668059984.321.0_MLO,0.7864035719429642,0.5899902411822111,0.8171656173711936,0.7335367714372902,0.7335367714372902,0.5686302750972202,0.3590939824205544
demd3875_9999_1.2.826.0.1.3680043.9.3218.1.1.1552596.7414.1511983780584.4528.0_MLO,0.0637035641979377,0.0541881699086939,0.0,0.0,0.0,0.0649451359001202,0.0801520057389921
demd64757_9965_1.2.826.0.1.3680043.9.3218.1.1.89002756.1028.1538488352304.400.0_MLO,0.08,0.1167821441794044,0.1533333333333333,0.0,0.0,0.4038856715860265,0.0402618478875294
demd7432_9988_1.2.826.0.1.3680043.9.3218.1.1.3370786.8916.1512165599585.5034.0_MLO,0.1059929494712103,0.206344364800976,0.0939583333333333,0.0,0.0,0.1473856209150326,0.0467357512953367
demd6281_9979_1.2.826.0.1.3680043.9.3218.1.1.3120783.4733.1512140599294.3428.0_MLO,0.6853637160385626,0.6273062730627307,0.5263849641847933,0.171873469787484,0.171873469787484,0.5763508222396241,0.4989711934156378
demd103090_9980_1.2.826.0.1.3680043.9.3218.1.1.42261868.101753.1541935553900.9.0_MLO,0.0870827285921625,0.1241111829347123,0.0888888888888888,0.0,0.0729594163246694,0.0512820512820512,0.0103906224632269
demd5492_9988_1.2.826.0.1.3680043.9.3218.1.1.2984797.8432.1512127000746.4114.0_CC,0.5382610314652765,0.5266396518084947,0.3955319538546054,0.1524216524216524,0.0,0.249206444271426,0.4928612520265676
demd3_9982_1.2.826.0.1.3680043.9.3218.1.1.21708961.1189.1548359155494.180.0_CC,0.2634009691096305,0.3980549199084668,0.3221296296296296,0.0,0.0,0.5515218769816107,0.1612663978120799
demd5571_9971_1.2.826.0.1.3680043.9.3218.1.1.30106951.7588.1512129590473.426.0_CC,0.6446601941747573,0.5895921462207678,0.5269301658816301,0.1225421562062458,0.1225421562062458,0.8165780843605112,0.5120493541546173
demd6875_9974_1.2.826.0.1.3680043.9.3218.1.1.3217264.3148.1512150247410.8281.0_CC,0.7839578985572997,0.6373512674599069,0.5428571428571428,0.0,0.0,0.7892813641900122,0.3667855323484462
demd2104_9978_1.2.826.0.1.3680043.9.3218.1.1.3860076.2252.1511393629935.5543.0_CC,0.2635135135135135,0.2665832290362954,0.0,0.0,0.0,0.0,0.1964335469490108
demd2149_9975_1.2.826.0.1.3680043.9.3218.1.1.3860076.2252.1511393629935.7803.0_CC,0.5991510006064281,0.8673381294964029,0.6110091743119266,0.0,0.4465662871832537,0.4756756756756757,0.2348709267879813
demd114896_9985_1.2.826.0.1.3680043.9.3218.1.1.1516503339.3770.1543409795371.9.0_MLO,0.1066810344827586,0.137979094076655,0.11,0.0,0.0,0.1515306122448979,0.0624343073365566
demd5607_9968_1.2.826.0.1.3680043.9.3218.1.1.3010695.7588.1512129590473.2009.0_MLO,0.4320557491289198,0.1535384246109533,0.3029482318347133,0.1096345514950166,0.0,0.4753222523744911,0.5750522447214816
demd5191_9999_1.2.826.0.1.3680043.9.3218.1.1.2938075.9814.1512122328549.1470.0_MLO,0.0528496533062743,0.0476833249623304,0.0541125541125541,0.0,0.0,0.0545463796875795,0.0519982419714168
demd130161_9981_1.2.826.0.1.3680043.9.3218.1.1.57831342.3560.1546766572756.117.0_MLO,0.3425480769230769,0.4063391094538276,0.2572916666666666,0.236587982832618,0.0379115683296558,0.3675595238095238,0.2225225225225225
demd2186_9977_1.2.826.0.1.3680043.9.3218.1.1.3860076.2252.1511393629935.9488.0_CC,0.4666209195176943,0.4746709214200239,0.4407407407407407,0.3139931740614334,0.320754716981132,0.5919854280510018,0.2267854590499785
demd36359_9980_1.2.826.0.1.3680043.9.3218.1.1.21359762.1575.1535439333681.292.0_CC,0.8068110972568578,0.6779661016949152,0.6717557251908397,0.0,0.0,0.2030169704588309,0.2332059657340071
demd4600_9998_1.2.826.0.1.3680043.9.3218.1.1.1676190.2119.1511996139973.9480.0_CC,0.0508943519252797,0.0534666296399148,0.2674074074074074,0.2614162021112561,0.0361864216894465,0.0192975473174213,0.0482539682539682
demd6849_9999_1.2.826.0.1.3680043.9.3218.1.1.3217264.3148.1512150247410.5631.0_MLO,0.5237732978318752,0.2995487025197442,0.5054418807139748,0.3224565403248788,0.415725578769057,0.5616419359312163,0.5149032349201864
demd136761_9968_1.2.826.0.1.3680043.9.3218.1.1.11935054.1877.1547381764800.157.0_CC,0.7530562347188264,0.6947943542267415,0.6521739130434783,0.3711566617862372,0.2157105826665164,0.7016769638128861,0.3236159400909334
demd358_9977_1.2.826.0.1.3680043.9.3218.1.1.2807438.9038.1510340992050.9059.0_CC,0.0,0.0,0.0,0.0,0.0,0.0,0.0
demd36563_9974_1.2.826.0.1.3680043.9.3218.1.1.21565685.9550.1535459925973.482.0_MLO,0.6184498201565696,0.8792140641158221,0.592749244712991,0.0,0.0,0.6806105144149237,0.3782555780933063
demd1779_9988_1.2.826.0.1.3680043.9.3218.1.1.3854251.1387.1511387805385.8205.0_CC,0.2692307692307692,0.3236326109391125,0.2903703703703704,0.2318840579710145,0.0300096710854083,0.3871604938271605,0.0415904087424736
demd3812_9978_1.2.826.0.1.3680043.9.3218.1.1.15525962.7414.1511983780584.640.0_CC,0.0399690562145435,0.042841348811498,0.0,0.0868680999418942,0.0067113125306699,0.0,0.0307539682539682
demd4539_9966_1.2.826.0.1.3680043.9.3218.1.1.1676190.2119.1511996139973.7025.0_MLO,0.1996904024767802,0.0405108342928922,0.16125,0.206988768051346,0.206988768051346,0.3819078947368421,0.0304340987731991
demd3184_9994_1.2.826.0.1.3680043.9.3218.1.1.140575.1758.1511969095974.10813.0_CC,0.0,0.0,0.0,0.2363299351251158,0.0,0.0,0.018424284962274
demd1533_9956_1.2.826.0.1.3680043.9.3218.1.1.3850610.1631.1511384163736.6398.0_MLO,0.0,0.0,0.0,0.0,0.0,0.0759623132709353,0.0490647040785035
demd116239_9987_1.2.826.0.1.3680043.9.3218.1.1.17019398.4631.1543595231897.215.0_MLO,0.0,0.0,0.0,0.0,0.0,0.0,0.0
demd6169_9970_1.2.826.0.1.3680043.9.3218.1.1.31207833.4733.1512140599294.105.0_MLO,0.6189053604644609,0.5403825717321998,0.5000243155181637,0.0,0.0,0.4824436536180308,0.478599361389158
demd128457_9982_1.2.826.0.1.3680043.9.3218.1.1.273431461.8462.1546461690789.41.0_MLO,0.1917629822562266,0.0923141921627997,0.0443979057591623,0.0,0.0,0.1717228545462414,0.1784627596242889
demd136384_9982_1.2.826.0.1.3680043.9.3218.1.1.11528163.2054.1547341075677.176.0_MLO,0.1856763925729443,0.3038936372269705,0.1659259259259259,0.0,0.3827549947423764,0.1001968151726605,0.0642478129929729
demd3385_9993_1.2.826.0.1.3680043.9.3218.1.1.1447924.2040.1511973313408.9174.0_MLO,0.063953488372093,0.0884536082474226,0.0794444444444444,0.0,0.0,0.0370578326782706,0.0618378378378378
demd3033_9999_1.2.826.0.1.3680043.9.3218.1.1.1405750.1758.1511969095974.1730.0_MLO,0.5841748512934016,0.5907954712542273,0.6056173200702165,0.0419351990818398,0.4621402996950006,0.6066584463625154,0.4600018243181611
demd7424_9975_1.2.826.0.1.3680043.9.3218.1.1.3370786.8916.1512165599585.4460.0_MLO,0.3229813664596273,0.182262195485139,0.4300047778308647,0.0136538517168561,0.2694995222169135,0.4270186335403726,0.7102130786186628
demd5279_9980_1.2.826.0.1.3680043.9.3218.1.1.2938075.9814.1512122328549.6269.0_CC,0.2647058823529412,0.3479184367034834,0.2909024211298606,0.242379402189997,0.242379402189997,0.3555073250135648,0.151561415683553
demd1562_9914_1.2.826.0.1.3680043.9.3218.1.1.3850610.1631.1511384163736.7713.0_MLO,0.3905325443786982,0.3812709030100334,0.4580645161290322,0.0,0.0,0.1517891816920943,0.3238061423752885
demd3568_9975_1.2.826.0.1.3680043.9.3218.1.1.1478478.5024.1511976368784.7837.0_CC,0.2546473134708429,0.4573170731707317,0.2777777777777778,0.1965714285714285,0.0232653325003769,0.2906131938390003,0.2065831152733783
demd2515_9999_1.2.826.0.1.3680043.9.3218.1.1.3866541.1754.1511400095328.6036.0_MLO,0.3624298917766016,0.6475665308079597,0.3988948368157485,0.1337506679899228,0.1900794167426116,0.449566055930569,0.2903988818406623
demd5545_9944_1.2.826.0.1.3680043.9.3218.1.1.2984797.8432.1512127000746.5755.0_CC,0.3696428571428571,0.2925,0.4352574102964118,0.4028100798427123,0.1164599861357159,0.4879287711888591,0.1512974637149978
demd5960_9981_1.2.826.0.1.3680043.9.3218.1.1.3066441.1365.1512135165128.5709.0_MLO,0.2129600989792762,0.2300751879699248,0.19125,0.0352224253503961,0.0322682695349572,0.2195646974408036,0.1516436319585926
demd1625_9988_1.2.826.0.1.3680043.9.3218.1.1.3854251.1387.1511387805385.1163.0_CC,0.3753092528451262,0.1117351463198344,0.398489932885906,0.0859242509892594,0.0859242509892594,0.5524140042870267,0.2203548085901027
demd3227_9942_1.2.826.0.1.3680043.9.3218.1.1.1447924.2040.1511973313408.1242.0_MLO,0.3643960307393867,0.3911252439112524,0.3758333333333333,0.2742537313432835,0.2858627858627858,0.5338983050847458,0.2376185458377239
demd5526_9975_1.2.826.0.1.3680043.9.3218.1.1.2984797.8432.1512127000746.5168.0_MLO,0.3346530920060331,0.4226190476190476,0.2465277777777778,0.3038343033207805,0.0278235779060181,0.4463163188332914,0.2243002464143552
demd167_9995_1.2.826.0.1.3680043.9.3218.1.1.2695005.4962.1510228559379.5967.0_CC,0.0279460561965356,0.028526148969889,0.1275,0.0904611746156878,0.0200596932046921,0.1022100985358793,0.0196689699501847
demd3482_9970_1.2.826.0.1.3680043.9.3218.1.1.1478478.5024.1511976368784.3908.0_CC,0.4093707250341997,0.4871794871794871,0.4433333333333333,0.3725780094934246,0.3980761628673079,0.586570620015436,0.0989031418479271
demd150099_9973_1.2.826.0.1.3680043.9.3218.1.1.120241486.1737.1573160477973.50.0_CC,0.3245014245014245,0.4802867383512544,0.3163888888888889,0.2964959568733153,0.2964959568733153,0.5082552431950023,0.0767429716846059
demd2554_9981_1.2.826.0.1.3680043.9.3218.1.1.3866541.1754.1511400095328.7915.0_CC,0.1260544325958937,0.1301775147928994,0.1173333333333333,0.0137535816618911,0.0143179969266925,0.0820215410107705,0.1169694284448382
demd6289_9983_1.2.826.0.1.3680043.9.3218.1.1.3120783.4733.1512140599294.3670.0_MLO,0.0167891653919337,0.0,0.0,0.0,0.0,0.0155400155400155,0.0149571850577721
demd2157_9968_1.2.826.0.1.3680043.9.3218.1.1.3860076.2252.1511393629935.8168.0_MLO,0.2379807692307692,0.3104143337066069,0.2566666666666666,0.0,0.0,0.3501882732651963,0.0540350877192982
demd2139_9961_1.2.826.0.1.3680043.9.3218.1.1.3860076.2252.1511393629935.7341.0_CC,0.3687943262411347,0.3746938775510204,0.26,0.1315732525427396,0.1315732525427396,0.3214285714285714,0.0563278570139014
demd84_9982_1.2.826.0.1.3680043.9.3218.1.1.2695005.4962.1510228559379.2985.0_CC,0.1733644859813084,0.1894403594771241,0.1717592592592592,0.1728797763280521,0.0739113908011994,0.2171114232209738,0.025032386915686
demd21_9993_1.2.826.0.1.3680043.9.3218.1.1.26950057.4962.1510228559379.693.0_MLO,0.0086745315752949,0.2112135176651305,0.0763888888888889,0.0982800982800982,0.0982800982800982,0.0083639330885352,0.0088778409090909
demd314_9982_1.2.826.0.1.3680043.9.3218.1.1.2807438.9038.1510340992050.6034.0_MLO,0.2349263340349139,0.2162210127780407,0.3854272083273095,0.0,0.0,0.1317932296431839,0.1542991316015057
demd49043_9963_1.2.826.0.1.3680043.9.3218.1.1.35365208.2037.1536839878307.356.0_CC,0.4363760012090071,0.6285482562854826,0.4685990338164251,0.088646417819739,0.3567251461988304,0.7453204764605785,0.4276550249465431
demd1422_9983_1.2.826.0.1.3680043.9.3218.1.1.3850610.1631.1511384163736.1132.0_MLO,0.1481791155704199,0.4685663924794359,0.2215277777777777,0.0,0.8263684520306063,0.3066423147169085,0.1154082703230708
demd4433_9963_1.2.826.0.1.3680043.9.3218.1.1.1676190.2119.1511996139973.1703.0_MLO,0.4458537140257081,0.4719981015662078,0.2080333459643804,0.2648330982604607,0.1221703662525371,0.4329661771250556,0.4868639227679723
demd7509_9989_1.2.826.0.1.3680043.9.3218.1.1.337078.8916.1512165599585.10471.0_CC,0.1047423450336071,0.1271100033986631,0.0779166666666666,0.1075343142095388,0.1039370078740157,0.1433682596473294,0.0201497764129087
demd150765_9975_1.2.826.0.1.3680043.9.3218.1.1.12881062.1615.1573246169382.184.0_MLO,0.3627049180327868,0.4385363064608347,0.3195833333333333,0.0118926968499865,0.3727682596934175,0.3946826758147513,0.2130062485535755
demd4719_9968_1.2.826.0.1.3680043.9.3218.1.1.1707505.2116.1511999271557.5839.0_CC,0.1808437348030475,0.0160479818447074,0.2917814880855892,0.2310058814658422,0.1082394375521336,0.1084049278651321,0.4737668612844775
demd144008_9955_1.2.826.0.1.3680043.9.3218.1.1.23328525.1513.1548521111865.469.0_MLO,0.2156460044809559,0.2308845577211394,0.1604166666666666,0.0710233242277789,0.0710233242277789,0.3016059537798668,0.1776923076923077
demd3849_9965_1.2.826.0.1.3680043.9.3218.1.1.1552596.7414.1511983780584.2728.0_MLO,0.2942846675215241,0.3898104265402843,0.238,0.0235136559234214,0.0,0.4358383071079761,0.1304347826086956
demd2144_9990_1.2.826.0.1.3680043.9.3218.1.1.3860076.2252.1511393629935.7570.0_MLO,0.7189156444040588,0.5360853303781687,0.3215430267062314,0.2159872948650079,0.0,0.6984652947331705,0.4668290854572713
demd2228_9999_1.2.826.0.1.3680043.9.3218.1.1.3863114.4093.1511396668137.1716.0_MLO,0.5317693059628543,0.2144927536231884,0.4060455673358899,0.2835456532167795,0.0,0.3852169336040303,0.6745734347145923
demd3561_9993_1.2.826.0.1.3680043.9.3218.1.1.1478478.5024.1511976368784.7513.0_CC,0.2590909090909091,0.3006695069993914,0.2744444444444444,0.0357687135813536,0.0598111227701993,0.7773851590106007,0.2803367067057599
demd150953_9992_1.2.826.0.1.3680043.9.3218.1.1.13203521.1781.1573278415209.304.0_CC,0.0883403361344537,0.1451000690131124,0.0622962962962962,0.0,0.0843797086891009,0.0079182751153375,0.0064247517188693
demd135648_9999_1.2.826.0.1.3680043.9.3218.1.1.10735390.2134.1547261798331.110.0_MLO,0.0268086532375172,0.0289179853803518,0.0266666666666666,0.0,0.0,0.0283052246727208,0.0253534517668186
demd7104_9921_1.2.826.0.1.3680043.9.3218.1.1.3299559.1613.1512158476932.7336.0_CC,0.7199836367355288,0.7243939724830749,0.62488376418077,0.0,0.0,0.6669738155570913,0.310590378405233
demd5477_9966_1.2.826.0.1.3680043.9.3218.1.1.2984797.8432.1512127000746.3621.0_CC,0.335421233949264,0.4497637795275591,0.2975,0.4065792302730595,0.4065792302730595,0.6461538461538462,0.2292380136986301
demd5406_9983_1.2.826.0.1.3680043.9.3218.1.1.2984797.8432.1512127000746.1604.0_CC,0.6522590115804926,0.7672530446549392,0.5044154474759457,0.1363448180689084,0.0,0.7352828010773375,0.1425189393939394
demd3291_9971_1.2.826.0.1.3680043.9.3218.1.1.1447924.2040.1511973313408.4493.0_CC,0.2291050295857988,0.3164750957854406,0.2294444444444444,0.5124450951683748,0.5124450951683748,0.369024571854058,0.0771241830065359
demd5418_9999_1.2.826.0.1.3680043.9.3218.1.1.2984797.8432.1512127000746.1941.0_MLO,0.2429183259448493,0.2365741702714445,0.3876717415521723,0.0,0.5324451410658307,0.3653483992467043,0.2853892996351833
demd1730_9965_1.2.826.0.1.3680043.9.3218.1.1.3854251.1387.1511387805385.5882.0_MLO,0.1140965517241379,0.2148848073043847,0.1148888888888888,0.0,0.0,0.1265791119449656,0.1056449553001277
demd1754_9983_1.2.826.0.1.3680043.9.3218.1.1.3854251.1387.1511387805385.6965.0_MLO,0.6009253379297832,0.4786499616466377,0.5259515570934256,0.1716937354988399,0.0,0.56062212796041,0.1234634753885308
demd3849_9965_1.2.826.0.1.3680043.9.3218.1.1.1552596.7414.1511983780584.2716.0_CC,0.1661392405063291,0.1849056603773584,0.1361111111111111,0.0,0.1049766718506998,0.1339690584155775,0.1403207331042382
demd291_9970_1.2.826.0.1.3680043.9.3218.1.1.2807438.9038.1510340992050.4328.0_CC,0.4262405508569717,0.171925566343042,0.4445034519383962,0.2863762743280815,0.0,0.5307731694828469,0.4060218978102189
demd1460_9982_1.2.826.0.1.3680043.9.3218.1.1.3850610.1631.1511384163736.2914.0_MLO,0.5683222139856684,0.4213243836323738,0.7489755174950089,0.0,0.0,0.4014388489208633,0.65650493774152
demd117396_9982_1.2.826.0.1.3680043.9.3218.1.1.18917877.5403.1543785079793.113.0_CC,0.0394414502694757,0.0379001883239171,0.037734375,0.0,0.0,0.4295942720763723,0.0345922459893048
demd4539_9966_1.2.826.0.1.3680043.9.3218.1.1.1676190.2119.1511996139973.7017.0_CC,0.2107317073170731,0.2404452690166975,0.18,0.0,0.0659889924744468,0.2331983805668016,0.035820895522388
demd4167_9961_1.2.826.0.1.3680043.9.3218.1.1.1599460.6889.1511988467039.8368.0_MLO,0.0205207445809926,0.0242828038103628,0.0233530632638942,0.0,0.0,0.021707296063399,0.01750642596985
demd3298_9978_1.2.826.0.1.3680043.9.3218.1.1.1447924.2040.1511973313408.4745.0_MLO,0.2044018304641534,0.2979249011857707,0.1675,0.0131291028446389,0.0,0.0703992794956469,0.1744791666666666
demd130832_9986_1.2.826.0.1.3680043.9.3218.1.1.64359931.2033.1546831858644.384.0_MLO,0.4536993950674732,0.5627993295019157,0.5973741794310722,0.0,0.0,0.6139055060432181,0.6577423687989253
demd5460_9971_1.2.826.0.1.3680043.9.3218.1.1.2984797.8432.1512127000746.3004.0_CC,0.3998476770753998,0.4526151095216808,0.2916666666666667,0.8088105726872247,0.3365741559130281,0.4633715798764342,0.1940312297884135
demd3272_9989_1.2.826.0.1.3680043.9.3218.1.1.1447924.2040.1511973313408.3710.0_MLO,0.4635420393559928,0.3779638359248575,0.4029271206690561,0.0,0.0,0.7038736919405177,0.3859060402684564
demd2379_9994_1.2.826.0.1.3680043.9.3218.1.1.3863114.4093.1511396668137.9749.0_CC,0.5335031175902345,0.5586206896551724,0.46875,0.0,0.0,0.5736868944416115,0.3166783954961295
demd1422_9983_1.2.826.0.1.3680043.9.3218.1.1.3850610.1631.1511384163736.1120.0_CC,0.2321692080668962,0.3114630467571644,0.2294444444444444,0.3080238306502725,0.0,0.1411922904527117,0.0557260920897284
demd4636_9944_1.2.826.0.1.3680043.9.3218.1.1.1707505.2116.1511999271557.1718.0_CC,0.0978260869565217,0.124777183600713,0.1166666666666666,0.0,0.0,0.3586626139817629,0.0331160639192598
demd3336_9988_1.2.826.0.1.3680043.9.3218.1.1.1447924.2040.1511973313408.6798.0_CC,0.4647952853598014,0.538544474393531,0.4018421776189166,0.2206689965052421,0.115,0.5450081833060556,0.125
demd5191_9999_1.2.826.0.1.3680043.9.3218.1.1.2938075.9814.1512122328549.1462.0_CC,0.4814814814814814,0.4854412091575906,0.4092592592592592,0.0,0.0,0.7531271716469771,0.1186888131118688
demd3326_9971_1.2.826.0.1.3680043.9.3218.1.1.1447924.2040.1511973313408.6289.0_CC,0.7180871577323563,0.7211895910780669,0.585121107266436,0.352190557209698,0.352190557209698,0.0851887705711519,0.1124723655121591
demd3403_9993_1.2.826.0.1.3680043.9.3218.1.1.14784782.5024.1511976368784.137.0_CC,0.0,0.0,0.0,0.0,0.0,0.0,0.0
demd150095_9973_1.2.826.0.1.3680043.9.3218.1.1.12004952.1962.1573158558387.427.0_CC,0.020811951191698,0.0,0.1228439209087084,0.0,0.0313439244310863,0.0,0.037786183555644
demd3561_9993_1.2.826.0.1.3680043.9.3218.1.1.1478478.5024.1511976368784.7521.0_MLO,0.2273755656108597,0.2401843632639126,0.1954166666666666,0.0,0.0,0.0723016009640213,0.0983847283406754
demd968_9944_1.2.826.0.1.3680043.9.3218.1.1.2817686.8536.1510351239985.8598.0_CC,0.3249420053269181,0.3608847497089639,0.3501851851851852,0.0,0.0,0.4022976279119242,0.1954521963824289
demd150142_9976_1.2.826.0.1.3680043.9.3218.1.1.12104711.2124.1573168534259.437.0_MLO,0.2078442765833817,0.2642888212266203,0.2990218074127255,0.0,0.0,0.2764629146477823,0.1944674801563795
demd2991_9966_1.2.826.0.1.3680043.9.3218.1.1.133376.8684.1511961897765.10632.0_CC,0.2447334479793637,0.303860819828408,0.198352510460251,0.0,0.0,0.1079554072501137,0.396484375
demd143804_9980_1.2.826.0.1.3680043.9.3218.1.1.226878808.7977.1548457047413.37.0_MLO,0.0,0.0,0.0,0.0,0.0,0.0616595871323827,0.0
demd1601_9995_1.2.826.0.1.3680043.9.3218.1.1.385425172.1387.1511387805385.23.0_MLO,0.1666666666666666,0.1919606234618539,0.1386666666666666,0.0,0.0,0.2053982883475971,0.1345794392523364
demd49043_9963_1.2.826.0.1.3680043.9.3218.1.1.35365208.2037.1536839878307.364.0_MLO,0.1393533395058366,0.1363313441318556,0.4697736351531291,0.0,0.0,0.6039279869067103,0.1188235294117647
demd1779_9988_1.2.826.0.1.3680043.9.3218.1.1.3854251.1387.1511387805385.8217.0_MLO,0.2728983216677956,0.3642756680731364,0.1910142054839775,0.0,0.0,0.4982808022922636,0.0531165311653116
demd1460_9982_1.2.826.0.1.3680043.9.3218.1.1.3850610.1631.1511384163736.2906.0_CC,0.5881504973331412,0.1331631754972716,0.3362222222222222,0.0,0.0,0.1520671975564524,0.0467436974789916
demd6938_9999_1.2.826.0.1.3680043.9.3218.1.1.321726.3148.1512150247410.12969.0_CC,0.0812709030100334,0.0764150943396226,0.0675,0.0,0.0,0.2459514170040485,0.048502994011976
demd1551_9967_1.2.826.0.1.3680043.9.3218.1.1.3850610.1631.1511384163736.7171.0_MLO,0.0323668240053944,0.0355951056729699,0.0,0.0,0.0,0.0188841509298742,0.0276793153606078
demd4553_9964_1.2.826.0.1.3680043.9.3218.1.1.1676190.2119.1511996139973.7508.0_MLO,0.0306509681813758,0.0331160639192598,0.175,0.0,0.0,0.0362193859951707,0.030309833857207
demd4160_9982_1.2.826.0.1.3680043.9.3218.1.1.1599460.6889.1511988467039.8040.0_CC,0.2786885245901639,0.2668032786885246,0.3688524590163934,0.0,0.0,0.2819125683060109,0.5478486845630391
demd4164_9965_1.2.826.0.1.3680043.9.3218.1.1.1599460.6889.1511988467039.8253.0_MLO,0.5050767414403778,0.4653323802716226,0.4248169701520555,0.0,0.0,0.2611951942580746,0.3752017213555675
demd4497_9975_1.2.826.0.1.3680043.9.3218.1.1.1676190.2119.1511996139973.4859.0_MLO,0.116253356499763,0.1103838669732885,0.0,0.0,0.0217854163190388,0.1632,0.1233560090702947
demd4178_9974_1.2.826.0.1.3680043.9.3218.1.1.1599460.6889.1511988467039.8920.0_MLO,0.1699346405228758,0.2152505446623093,0.1372222222222222,0.0,0.0,0.2057690305112985,0.0145362523540489
demd38489_9987_1.2.826.0.1.3680043.9.3218.1.1.23729630.1058.1535676320474.466.0_CC,0.181219362745098,0.1326179923800637,0.2163267946375147,0.0,0.0,0.1683764168637364,0.1404011461318051
demd2425_9994_1.2.826.0.1.3680043.9.3218.1.1.3866541.1754.1511400095328.1215.0_MLO,0.7971896603546739,0.6452935261814525,0.6748071979434447,0.2138868925866549,0.1979783037475345,0.5614912480109115,0.1909909909909909
demd5477_9966_1.2.826.0.1.3680043.9.3218.1.1.2984797.8432.1512127000746.3625.0_MLO,0.4225352112676056,0.4248366013071895,0.2569870483980913,0.1456438645050744,0.064135853759867,0.7259300213253298,0.2681576376072088
demd3156_9988_1.2.826.0.1.3680043.9.3218.1.1.1405750.1758.1511969095974.9375.0_MLO,0.0405804772616999,0.0424139043843068,0.1277777777777777,0.0,0.0,0.0225249287749287,0.0215673863609724
demd4182_9973_1.2.826.0.1.3680043.9.3218.1.1.1599460.6889.1511988467039.9062.0_CC,0.1103712464006581,0.5781039590627525,0.298125,0.297148380860319,0.227447586074245,0.6068115942028985,0.0568910681155579
demd144008_9955_1.2.826.0.1.3680043.9.3218.1.1.23328525.1513.1548521111865.461.0_CC,0.3848246241947029,0.3948999216468409,0.4598070739549839,0.0,0.0206825232678386,0.6039215686274509,0.3186390022415081
demd1468_9984_1.2.826.0.1.3680043.9.3218.1.1.3850610.1631.1511384163736.3278.0_MLO,0.6332087898169844,0.311682045714975,0.3475463412143185,0.0,0.073058426276476,0.2449162871255372,0.7535709062545702
demd2111_9989_1.2.826.0.1.3680043.9.3218.1.1.3860076.2252.1511393629935.5948.0_MLO,0.5071396089131424,0.3043775130870192,0.479300499643112,0.1204301075268817,0.0,0.3913981933008234,0.2579205711735832
demd4478_9999_1.2.826.0.1.3680043.9.3218.1.1.1676190.2119.1511996139973.3913.0_MLO,0.0936454849498327,0.172892868169188,0.1037037037037037,0.2009374363154677,0.0,0.7180650037792895,0.0141209102943957
demd143041_9993_1.2.826.0.1.3680043.9.3218.1.1.21370988.1956.1548325358179.386.0_CC,0.7580174927113703,0.5925925925925926,0.6745454545454546,0.0,0.0,0.1385452746165264,0.1889678754611716
demd3298_9978_1.2.826.0.1.3680043.9.3218.1.1.1447924.2040.1511973313408.4737.0_CC,0.1333789329685362,0.1668628605061801,0.0830670926517571,0.0957742134484885,0.0,0.1412247525549207,0.1072017592083562
demd1605_9984_1.2.826.0.1.3680043.9.3218.1.1.38542517.1387.1511387805385.235.0_MLO,0.5082822781937826,0.5616200578592092,0.474034620505992,0.0329387545033453,0.083017496495509,0.5266106442577031,0.1776133209990749
demd2220_9974_1.2.826.0.1.3680043.9.3218.1.1.3863114.4093.1511396668137.1140.0_MLO,0.5882040382571733,0.3969820081253627,0.3554490252476829,0.0,0.0,0.5957633053221288,0.3820161652447238
demd3225_9986_1.2.826.0.1.3680043.9.3218.1.1.1447924.2040.1511973313408.1147.0_MLO,0.2540695523492415,0.2843685300207039,0.2543518518518518,0.0673231511254019,0.0,0.290312198261989,0.1821618037135278
demd953_9974_1.2.826.0.1.3680043.9.3218.1.1.2817686.8536.1510351239985.7809.0_CC,0.4781144781144781,0.6224260958205913,0.4240277777777778,0.5409284195605953,0.3760073681786783,0.5873412851096576,0.3915608567397717
demd4015_9999_1.2.826.0.1.3680043.9.3218.1.1.15994607.6889.1511988467039.818.0_CC,0.5083655083655083,0.5262156247026358,0.5120370370370371,0.3086982968369829,0.3086982968369829,0.7736526946107785,0.326138240150979
demd1480_9976_1.2.826.0.1.3680043.9.3218.1.1.3850610.1631.1511384163736.3774.0_CC,0.0350289369479134,0.0408308183916208,0.0958333333333333,0.2506801399144966,0.0,0.0437110006018181,0.0327985739750445
demd2993_9971_1.2.826.0.1.3680043.9.3218.1.1.133376.8684.1511961897765.10742.0_CC,0.7630979498861048,0.8030733768728391,0.5132440900028482,0.0,0.0,0.8673550436854647,0.3977168949771689
demd4433_9963_1.2.826.0.1.3680043.9.3218.1.1.1676190.2119.1511996139973.1695.0_CC,0.0,0.0,0.0,0.0,0.0,0.0,0.0
demd3120_9994_1.2.826.0.1.3680043.9.3218.1.1.1405750.1758.1511969095974.6840.0_CC,0.4876325088339223,0.4563013037180106,0.4892178950756357,0.4536516853932584,0.0,0.2511027669425103,0.1781532890766445
demd2647_9983_1.2.826.0.1.3680043.9.3218.1.1.4257579.1312.1511791133165.2577.0_MLO,0.1661229395604395,0.265141134557413,0.134375,0.2080645161290322,0.2080645161290322,0.3005591798695247,0.1279761904761904
demd143773_9987_1.2.826.0.1.3680043.9.3218.1.1.22630255.9906.1548451284901.133.0_CC,0.7258064516129032,0.6629834254143646,0.4636678200692041,0.0579765062523683,0.0847484729284595,0.6521739130434783,0.5992704533611256
demd4509_9972_1.2.826.0.1.3680043.9.3218.1.1.1676190.2119.1511996139973.5438.0_CC,0.4757251908396946,0.6332866012417384,0.365529352734571,0.3322616942613727,0.3322616942613727,0.5480030306310206,0.4935064935064935
demd143804_9980_1.2.826.0.1.3680043.9.3218.1.1.226878808.7977.1548457047413.35.0_CC,0.0,0.0,0.0,0.0740169622205088,0.0,0.0282361245918997,0.0089420443748952
demd150100_9975_1.2.826.0.1.3680043.9.3218.1.1.12024148.1737.1573160477973.120.0_CC,0.2906976744186046,0.4472477064220183,0.2708333333333333,0.2030796697165811,0.1694915254237288,0.0,0.0832088756133987
demd2036_9994_1.2.826.0.1.3680043.9.3218.1.1.3860076.2252.1511393629935.1886.0_MLO,0.0609695811224994,0.0413370957238984,0.0307925784500905,0.189534741227891,0.3569160846171841,0.1411562538357677,0.0601529603849789
demd354_9982_1.2.826.0.1.3680043.9.3218.1.1.2807438.9038.1510340992050.8777.0_CC,0.0962656054080575,0.0766504933762198,0.1570081229896963,0.0,0.0,0.4069166504760054,0.5102763997165131
demd36409_9960_1.2.826.0.1.3680043.9.3218.1.1.21422395.5175.1535445596974.125.0_MLO,0.0135628249426809,0.0142450142450142,0.0149732620320855,0.3941497273177987,0.1610724657256703,0.0,0.013669152708155
demd7484_9992_1.2.826.0.1.3680043.9.3218.1.1.3370786.8916.1512165599585.8739.0_MLO,0.4072534945221004,0.4141561860193039,0.4273684210526315,0.0,0.0,0.5587448485286675,0.1129849827087972
demd132478_9991_1.2.826.0.1.3680043.9.3218.1.1.79888526.2966.1546987144595.274.0_MLO,0.1203337104072398,0.1856659757826988,0.1575925925925926,0.0,0.041018387553041,0.1620026651437273,0.0815368400881479
demd5114_9994_1.2.826.0.1.3680043.9.3218.1.1.2910713.9186.1512119592269.4348.0_MLO,0.2475990396158463,0.4672897196261682,0.3055555555555556,0.041228297882087,0.0,0.3058103975535168,0.093950177935943
demd131727_9942_1.2.826.0.1.3680043.9.3218.1.1.72576670.1066.1546914026028.286.0_CC,0.6602094240837696,0.6475409836065574,0.6551978373064635,0.1967141429285357,0.0093683364211556,0.7349076541394836,0.2289323791441507
demd4164_9965_1.2.826.0.1.3680043.9.3218.1.1.1599460.6889.1511988467039.8245.0_CC,0.4814646349783943,0.5053480335691953,0.4213218743605484,0.2360969647586066,0.2360969647586066,0.7727967396841569,0.3357146581842832
demd3826_9994_1.2.826.0.1.3680043.9.3218.1.1.1552596.7414.1511983780584.1445.0_MLO,0.0078314167672231,0.0085202573465484,0.0080658436213991,0.0375392630046732,0.0301229095305258,0.0081666666666666,0.0078963483417668
demd2139_9961_1.2.826.0.1.3680043.9.3218.1.1.3860076.2252.1511393629935.7353.0_MLO,0.0,0.0,0.0,0.0,0.0,0.1622014349287076,0.0955004591368227
demd136384_9982_1.2.826.0.1.3680043.9.3218.1.1.11528163.2054.1547341075677.162.0_CC,0.1332835820895522,0.2390896921017403,0.1240277777777777,0.0,0.0062858034460468,0.1580588888301527,0.0980456741326306
demd2611_9977_1.2.826.0.1.3680043.9.3218.1.1.42575795.1312.1511791133165.473.0_CC,0.0853152525825371,0.0847966151277532,0.0889339269157976,0.038862714360772,0.0,0.2312968278227159,0.0826243637849686
demd146956_9991_1.2.826.0.1.3680043.9.3218.1.1.93729537.9529.1572895358478.172.0_MLO,0.5827022718214429,0.6772647231461554,0.3902439024390244,0.0,0.1399669169105484,0.675,0.8293515358361775
demd136993_9971_1.2.826.0.1.3680043.9.3218.1.1.12265105.7169.1547414769897.418.0_CC,0.1471846498334273,0.1426930387017272,0.1130911583276216,0.0,0.0,0.36328125,0.20178295902623
demd135648_9999_1.2.826.0.1.3680043.9.3218.1.1.10735390.2134.1547261798331.101.0_CC,0.0916179337231968,0.1070496083550913,0.1000925925925926,0.0,0.0447100670030606,0.1085321807093374,0.0725698174006444
demd5417_9978_1.2.826.0.1.3680043.9.3218.1.1.2984797.8432.1512127000746.1918.0_CC,0.5854236618605569,0.5097274343274738,0.5332806636381592,0.1595642175315081,0.0,0.6008295476989927,0.8230072785371916
demd2077_9994_1.2.826.0.1.3680043.9.3218.1.1.3860076.2252.1511393629935.4036.0_MLO,0.0999028860280385,0.1129556779438762,0.3119428276725853,0.0,0.0630793401413982,0.0604975626155656,0.0398095942323689
demd1730_9965_1.2.826.0.1.3680043.9.3218.1.1.3854251.1387.1511387805385.5870.0_CC,0.0174950260177532,0.0178062053993009,0.0,0.0,0.0,0.0682080924855491,0.0146182004188046
demd3475_9988_1.2.826.0.1.3680043.9.3218.1.1.1478478.5024.1511976368784.3603.0_CC,0.0297342020891508,0.444015444015444,0.1597222222222222,0.02710027100271,0.0,0.017689008114102,0.0253220301662446
demd3326_9971_1.2.826.0.1.3680043.9.3218.1.1.1447924.2040.1511973313408.6297.0_MLO,0.6224687933425798,0.5540063833361331,0.3641456582633053,0.4234647112740605,0.0809399477806788,0.6189518060745425,0.2886544893233856
demd1606_9997_1.2.826.0.1.3680043.9.3218.1.1.38542517.1387.1511387805385.255.0_CC,0.0553344968004653,0.0625686059275521,0.1761481481481481,0.0,0.0,0.2477083333333333,0.0155032695078461
demd1601_9995_1.2.826.0.1.3680043.9.3218.1.1.385425172.1387.1511387805385.11.0_CC,0.0418244949494949,0.2023673157693776,0.1962962962962963,0.0126788641297124,0.0,0.3485122472464245,0.0360280747072718
demd150099_9973_1.2.826.0.1.3680043.9.3218.1.1.120241486.1737.1573160477973.59.0_MLO,0.0229621125143513,0.0237797990606979,0.1481481481481481,0.0,0.0,0.2,0.0224753824326792
demd1573_9988_1.2.826.0.1.3680043.9.3218.1.1.3850610.1631.1511384163736.8172.0_MLO,0.0151592958527617,0.02296918767507,0.01025,0.0018248059156774,0.0,0.0,0.0100761373821742
demd6289_9983_1.2.826.0.1.3680043.9.3218.1.1.3120783.4733.1512140599294.3662.0_CC,0.3872965976331361,0.5681661851698996,0.3102962962962963,0.0,0.0,0.4595217200526547,0.213768115942029
demd2595_9999_1.2.826.0.1.3680043.9.3218.1.1.386654.1754.1511400095328.10435.0_CC,0.5327292899408284,0.4130854881752093,0.4963859775930611,0.0,0.0,0.0,0.3568685742598786
demd1633_9948_1.2.826.0.1.3680043.9.3218.1.1.3854251.1387.1511387805385.1579.0_MLO,0.0416666666666666,0.0393545848091302,0.0493827160493827,0.0,0.0,0.3635783257521347,0.0280112044817927
demd1632_9993_1.2.826.0.1.3680043.9.3218.1.1.3854251.1387.1511387805385.1526.0_MLO,0.1779770710059171,0.1964285714285714,0.1336805555555555,0.0,0.0106911244086594,0.1783893985728848,0.0954861111111111
demd40649_9961_1.2.826.0.1.3680043.9.3218.1.1.26233366.1546.1535926694115.227.0_MLO,0.6656671664167916,0.4832214765100671,0.4106666666666667,0.119869050616973,0.119869050616973,0.5162904901312683,0.2880586592178771
demd2504_9963_1.2.826.0.1.3680043.9.3218.1.1.3866541.1754.1511400095328.5469.0_CC,0.2834645669291338,0.3466666666666667,0.3466666666666667,0.2535460992907801,0.1720300751879699,0.7534274193548387,0.2838729244067025
demd5435_9999_1.2.826.0.1.3680043.9.3218.1.1.2984797.8432.1512127000746.2338.0_MLO,0.6633854807523291,0.6862745098039216,0.4563333333333333,0.0,0.0,0.4329324699352451,0.2812532100667694
demd2389_9999_1.2.826.0.1.3680043.9.3218.1.1.386311.4093.1511396668137.10233.0_CC,0.0911389427882636,0.0654353562005277,0.5902777777777778,0.0,0.0,0.0833314913463451,0.1051823986536653
demd5929_9981_1.2.826.0.1.3680043.9.3218.1.1.3066441.1365.1512135165128.4824.0_MLO,0.5602305475504322,0.6236575178997613,0.4331024425811156,0.0,0.0,0.3050263110143349,0.5359172539213458
demd1957_9947_1.2.826.0.1.3680043.9.3218.1.1.3857281.5775.1511390835560.5735.0_MLO,0.321976401179941,0.4111088990643042,0.3031944444444444,0.3218936994016191,0.5280898876404494,0.403810580836108,0.230956411341515
demd4577_9974_1.2.826.0.1.3680043.9.3218.1.1.1676190.2119.1511996139973.8471.0_CC,0.498943661971831,0.3805017605633803,0.6338028169014085,0.0,0.0,0.3955985915492958,0.5729827215079412
demd165_9981_1.2.826.0.1.3680043.9.3218.1.1.2695005.4962.1510228559379.5920.0_MLO,0.2519521082769391,0.2238193018480492,0.4867687576087653,0.0,0.0,0.2002232142857143,0.2810534716679968
demd3887_9994_1.2.826.0.1.3680043.9.3218.1.1.1552596.7414.1511983780584.5276.0_CC,0.0592805948154598,0.054915773912726,0.0376212515057376,0.0,0.0,0.0,0.0664624421670956
demd136993_9971_1.2.826.0.1.3680043.9.3218.1.1.12265105.7169.1547414769897.424.0_MLO,0.6222295369760807,0.4103576914636822,0.7440667094291212,0.539151225343694,0.2303609341825902,0.640882159315339,0.4893328400542607
demd2462_9992_1.2.826.0.1.3680043.9.3218.1.1.3866541.1754.1511400095328.3303.0_CC,0.8421052631578947,0.9026798307475318,0.6196319018404908,0.3749031007751938,0.3749031007751938,0.7270348837209303,0.5567243890597184
demd2244_9994_1.2.826.0.1.3680043.9.3218.1.1.3863114.4093.1511396668137.2585.0_CC,0.3695844385499558,0.4108108108108108,0.3483333333333333,0.0,0.0452341788589732,0.5741758241758241,0.0406931464174454
demd4148_9962_1.2.826.0.1.3680043.9.3218.1.1.1599460.6889.1511988467039.7455.0_MLO,0.2927864214992928,0.1162745479292241,0.345,0.0,0.0,0.1949079223828945,0.313927036818603
demd4110_9999_1.2.826.0.1.3680043.9.3218.1.1.1599460.6889.1511988467039.5525.0_CC,0.3653044203502919,0.3247196207654064,0.3654420670165523,0.2375205033417387,0.0,0.2664672897196262,0.6079484795261219
demd4137_9983_1.2.826.0.1.3680043.9.3218.1.1.1599460.6889.1511988467039.6859.0_MLO,0.1161904761904761,0.1188463278015516,0.1355555555555555,0.2995553908855131,0.0642051479803335,0.1175474129994476,0.0898616299258168
demd132146_9968_1.2.826.0.1.3680043.9.3218.1.1.76960881.1702.1546957868146.150.0_CC,0.5083478260869565,0.569119937694704,0.4059722222222222,0.0210291468497735,0.1786743515850144,0.5686960098724805,0.2232149675448644
demd84_9982_1.2.826.0.1.3680043.9.3218.1.1.2695005.4962.1510228559379.2997.0_MLO,0.1020632868974101,0.1143286143286143,0.1480555555555555,0.0429214607303651,0.0,0.0378262335219913,0.0525641025641025
demd5357_9981_1.2.826.0.1.3680043.9.3218.1.1.293807.9814.1512122328549.10751.0_MLO,0.0081870719178082,0.0083743842364532,0.0,0.0,0.0038748564867967,0.0,0.0030390105670171
demd1474_9993_1.2.826.0.1.3680043.9.3218.1.1.3850610.1631.1511384163736.3572.0_CC,0.3506587258617578,0.4241081320629293,0.2738888888888889,0.0260877617705811,0.0,0.4468109210377252,0.0992700729927007
demd1745_9951_1.2.826.0.1.3680043.9.3218.1.1.3854251.1387.1511387805385.6556.0_MLO,0.4838709677419355,0.5317919075144508,0.2491203377902885,0.161895023858214,0.2210930530235444,0.5269761606022585,0.3273322422258592
demd125_9955_1.2.826.0.1.3680043.9.3218.1.1.2695005.4962.1510228559379.4502.0_MLO,0.2189207195203197,0.2236566372597211,0.4515907136715391,0.04853881695188,0.1308299423154317,0.614542449907044,0.2652602739726027
demd6281_9979_1.2.826.0.1.3680043.9.3218.1.1.3120783.4733.1512140599294.3420.0_CC,0.6545454545454545,0.4511570247933884,0.6629834254143646,0.0,0.0,0.2895867768595041,0.3381116047726828
demd5785_9973_1.2.826.0.1.3680043.9.3218.1.1.30664416.1365.1512135165128.626.0_MLO,0.1181404388073441,0.1230297040004161,0.0722347629796839,0.0,0.145658616558421,0.0174847008867241,0.0277416606886657
demd4478_9999_1.2.826.0.1.3680043.9.3218.1.1.1676190.2119.1511996139973.3905.0_CC,0.0308132530120481,0.0337690631808278,0.0947222222222222,0.0,0.0378048780487804,0.0366863905325443,0.025563496426608
demd6932_9975_1.2.826.0.1.3680043.9.3218.1.1.321726.3148.1512150247410.12621.0_MLO,0.0885506402072461,0.4916502946954813,0.4282618118768964,0.0,0.2178217821782178,0.5820408163265306,0.0927326012338499
demd94256_9994_1.2.826.0.1.3680043.9.3218.1.1.34957801.1100.1541094104877.106.0_MLO,0.0236558133732534,0.0258644206506171,0.0842777777777777,0.0,0.0,0.062111038322961,0.0223548482169171
demd5591_9978_1.2.826.0.1.3680043.9.3218.1.1.3010695.7588.1512129590473.1395.0_CC,0.0117678885432165,0.0115237176924343,0.009470257472625,0.0,0.0,0.0,0.0111508043033844
demd103090_9980_1.2.826.0.1.3680043.9.3218.1.1.42261868.10175.1541935553900.17.0_CC,0.1047619047619047,0.1298611111111111,0.1038888888888888,0.1057094403617863,0.0063541900276594,0.0239743589743589,0.1089320388349514
demd142448_9976_1.2.826.0.1.3680043.9.3218.1.1.20001205.1267.1548188379869.158.0_CC,0.2352071005917159,0.3168119551681195,0.1766666666666666,0.0,0.0,0.315711094564408,0.1229757818920094
demd143084_9979_1.2.826.0.1.3680043.9.3218.1.1.21465835.1877.1548334842842.141.0_MLO,0.0,0.0,0.0,0.0,0.0850778645879261,0.281477256523599,0.1214937334811151
demd45_9994_1.2.826.0.1.3680043.9.3218.1.1.2695005.4962.1510228559379.1407.0_CC,0.031658219145228,0.2241086587436332,0.1375,0.0,0.0,0.2257181942544459,0.1176051318602993
demd3246_9973_1.2.826.0.1.3680043.9.3218.1.1.1447924.2040.1511973313408.2304.0_CC,0.0443076923076923,0.0528717545239968,0.0407272727272727,0.0,0.0300940438871473,0.0618480795189593,0.039152473247752
demd1480_9976_1.2.826.0.1.3680043.9.3218.1.1.3850610.1631.1511384163736.3762.0_MLO,0.1146449704142011,0.122845254606697,0.1148148148148148,0.0,0.0,0.1159745604190048,0.0557553956834532
demd4497_9975_1.2.826.0.1.3680043.9.3218.1.1.1676190.2119.1511996139973.4851.0_CC,0.2365694245177746,0.3197586726998491,0.2748148148148148,0.0,0.0186154741128563,0.0581379404908816,0.0748134704577535
demd125_9955_1.2.826.0.1.3680043.9.3218.1.1.2695005.4962.1510228559379.4490.0_CC,0.6037324285021813,0.6855644355644356,0.6320590790616855,0.0714899467262416,0.0625401805230539,0.6760347470618293,0.6146260950526895
demd4626_9987_1.2.826.0.1.3680043.9.3218.1.1.1707505.2116.1511999271557.1157.0_MLO,0.1976994967649173,0.2268041237113402,0.1527777777777778,0.0,0.0,0.0557653209410397,0.1272411798727588
demd151_9970_1.2.826.0.1.3680043.9.3218.1.1.2695005.4962.1510228559379.5376.0_CC,0.8264327659258158,0.6868846002363135,0.6461923970174795,0.0,0.0,0.6655727923627685,0.1668663471778487
demd334_9994_1.2.826.0.1.3680043.9.3218.1.1.2807438.9038.1510340992050.7354.0_CC,0.0,0.0,0.0,0.4532558767900567,0.1344909771876064,0.0,0.0
demd4488_9977_1.2.826.0.1.3680043.9.3218.1.1.1676190.2119.1511996139973.4463.0_MLO,0.1296991214075455,0.139763779527559,0.3858202802967848,0.0,0.0,0.0,0.1278065630397236
demd4182_9973_1.2.826.0.1.3680043.9.3218.1.1.1599460.6889.1511988467039.9070.0_MLO,0.0,0.0,0.0,0.0,0.0,0.6163963174046471,0.0
demd2598_9980_1.2.826.0.1.3680043.9.3218.1.1.386654.1754.1511400095328.10567.0_CC,0.0,0.0,0.0,0.0,0.0530527048182292,0.0,0.0566124559512709
demd128187_9973_1.2.826.0.1.3680043.9.3218.1.1.226777271.1367.1546415036599.51.0_CC,0.6970643347907558,0.7515078407720145,0.5632521279718227,0.3208420588559462,0.2424712822104936,0.8133709809636579,0.5048058439061899
demd143833_9988_1.2.826.0.1.3680043.9.3218.1.1.22739998.3118.1548462259187.233.0_MLO,0.3486983520420348,0.2716336825766395,0.4648931000971817,0.0,0.0,0.4874025026653947,0.333768374776755
demd4418_9993_1.2.826.0.1.3680043.9.3218.1.1.16761901.2119.1511996139973.907.0_CC,0.0978744438952051,0.0863539445628997,0.0596658711217183,0.0,0.0,0.0059233664465971,0.023156089193825
demd112409_9972_1.2.826.0.1.3680043.9.3218.1.1.11616157.1558.1543054907817.252.0_MLO,0.7016280525986224,0.6407705468601482,0.6172465960665658,0.0,0.0,0.534376018246986,0.5890083632019116
demd74_9985_1.2.826.0.1.3680043.9.3218.1.1.2695005.4962.1510228559379.2586.0_MLO,0.4548816568047337,0.4639321074964639,0.319672131147541,0.2588308846514536,0.0188114991317769,0.6098169124456793,0.2147533828022697
demd45_9994_1.2.826.0.1.3680043.9.3218.1.1.2695005.4962.1510228559379.1419.0_MLO,0.0328690105058295,0.0305522520560794,0.1266666666666666,0.0,0.0,0.0340934579439252,0.0267558528428093
demd3475_9988_1.2.826.0.1.3680043.9.3218.1.1.1478478.5024.1511976368784.3611.0_MLO,0.1414571005917159,0.1530612244897959,0.1416666666666666,0.0,0.0,0.1825122271263271,0.0261391010199374
demd2998_9973_1.2.826.0.1.3680043.9.3218.1.1.133376.8684.1511961897765.11039.0_MLO,0.0682262996941896,0.068569145421296,0.2478888888888888,0.0200036796066166,0.0795953680287501,0.5951814396192743,0.0526980902552231
demd5602_9978_1.2.826.0.1.3680043.9.3218.1.1.3010695.7588.1512129590473.1768.0_MLO,0.0510755492499321,0.0572604790419161,0.0777142857142857,0.0,0.0,0.0540397350993377,0.0412121212121212
demd5929_9981_1.2.826.0.1.3680043.9.3218.1.1.3066441.1365.1512135165128.4820.0_CC,0.1330586478670925,0.1590553078684178,0.3715596330275229,0.0322966507177033,0.4577181208053691,0.6358381502890174,0.5328346311852351
demd3826_9994_1.2.826.0.1.3680043.9.3218.1.1.1552596.7414.1511983780584.1433.0_CC,0.0220084773394196,0.0184870522667029,0.0,0.0,0.0,0.019827781554498,0.0209402251754083
demd2993_9971_1.2.826.0.1.3680043.9.3218.1.1.133376.8684.1511961897765.10750.0_MLO,0.0513732463939932,0.0438351302187319,0.3209876543209876,0.0189286390308536,0.0,0.6217120994739359,0.047231936055225
demd1615_9973_1.2.826.0.1.3680043.9.3218.1.1.38542517.1387.1511387805385.752.0_MLO,0.0,0.0,0.0,0.0,0.0,0.0,0.0
demd179_9967_1.2.826.0.1.3680043.9.3218.1.1.2695005.4962.1510228559379.6324.0_MLO,0.0,0.0,0.0,0.4881578947368421,0.0638806473838885,0.0718198593011186,0.0
demd3568_9975_1.2.826.0.1.3680043.9.3218.1.1.1478478.5024.1511976368784.7845.0_MLO,0.0600899305082436,0.0678134303671849,0.0,0.0,0.0,0.0,0.0701817918447164
demd142178_9991_1.2.826.0.1.3680043.9.3218.1.1.18916004.2835.1548079859795.226.0_MLO,0.1333989805375347,0.1332292028230938,0.2132407407407407,0.0,0.0,0.1669912366114897,0.0993357487922705
demd30462_9973_1.2.826.0.1.3680043.9.3218.1.1.15823384.2061.1534885695887.205.0_MLO,0.0692307692307692,0.0971028971028971,0.09,0.0,0.0,0.1773399014778325,0.0559746616757846
demd1773_9989_1.2.826.0.1.3680043.9.3218.1.1.3854251.1387.1511387805385.7906.0_CC,0.0,0.0,0.0,0.0,0.0,0.0,0.0
demd4610_9967_1.2.826.0.1.3680043.9.3218.1.1.17075059.2116.1511999271557.375.0_MLO,0.3725402504472272,0.5124698310539019,0.2375909148909021,0.4977915194346289,0.177667745331202,0.1620626151012891,0.1527319398606527
demd4669_9983_1.2.826.0.1.3680043.9.3218.1.1.1707505.2116.1511999271557.3319.0_CC,0.6416592511465535,0.2143757881462799,0.6519365739537302,0.0,0.0055330136481003,0.5523647450896972,0.5774228705566734
demd3294_9977_1.2.826.0.1.3680043.9.3218.1.1.1447924.2040.1511973313408.4622.0_CC,0.1535282898919262,0.1805607476635514,0.1341666666666666,0.3412873471024664,0.0109502082920055,0.4129016064257028,0.035092180546726
demd5417_9978_1.2.826.0.1.3680043.9.3218.1.1.2984797.8432.1512127000746.1926.0_MLO,0.5429216867469879,0.357429718875502,0.6024096385542169,0.3985940246045694,0.2653155228005527,0.1875728155339805,0.8596321393998064
demd5927_9966_1.2.826.0.1.3680043.9.3218.1.1.3066441.1365.1512135165128.4790.0_MLO,0.0215915955969464,0.0325258797908876,0.0,0.0,0.1078472354170625,0.0,0.0166577567037786
demd3337_9956_1.2.826.0.1.3680043.9.3218.1.1.1447924.2040.1511973313408.6842.0_CC,0.154532967032967,0.20850225877447,0.125,0.1153529250205987,0.1153529250205987,0.0214848412508952,0.1305672421296967
demd167_9995_1.2.826.0.1.3680043.9.3218.1.1.2695005.4962.1510228559379.5979.0_MLO,0.035,0.038981324278438,0.0318888888888888,0.0,0.0,0.1452449567723343,0.0335143340923687
demd3875_9999_1.2.826.0.1.3680043.9.3218.1.1.1552596.7414.1511983780584.4516.0_CC,0.206043956043956,0.7212189616252822,0.5444444444444444,0.0,0.0,0.2905597722960152,0.2378178994370025
demd5464_9983_1.2.826.0.1.3680043.9.3218.1.1.2984797.8432.1512127000746.3164.0_MLO,0.4126581741427041,0.4316782246879334,0.0384253155019777,0.0,0.0846023688663282,0.2039240985028808,0.425581169984818
demd4600_9998_1.2.826.0.1.3680043.9.3218.1.1.1676190.2119.1511996139973.9488.0_MLO,0.3205429864253393,0.3770491803278688,0.3279629629629629,0.0,0.0,0.6192307692307693,0.3498271604938271
demd5512_9988_1.2.826.0.1.3680043.9.3218.1.1.2984797.8432.1512127000746.4713.0_CC,0.0403156630639903,0.0375074588696615,0.2875,0.0,0.0,0.414041404140414,0.0443416232889917
demd3013_9977_1.2.826.0.1.3680043.9.3218.1.1.14057501.1758.1511969095974.669.0_MLO,0.0,0.0,0.0,0.0,0.0051982468657629,0.1093354122003508,0.0
demd131727_9942_1.2.826.0.1.3680043.9.3218.1.1.72576670.1066.1546914026028.284.0_MLO,0.0,0.0,0.0214240131279059,0.0,0.0075347553857582,0.1328352862917668,0.0390048172815601
demd3262_9967_1.2.826.0.1.3680043.9.3218.1.1.1447924.2040.1511973313408.3177.0_MLO,0.0029917788932932,0.0157835400225479,0.0661111111111111,0.0,0.1022576361221779,0.479841374752148,0.0027434104357181
demd5404_9999_1.2.826.0.1.3680043.9.3218.1.1.2984797.8432.1512127000746.1541.0_MLO,0.4856187290969899,0.5638834951456311,0.3863885839736553,0.0,0.0,0.0029815096293574,0.0986681163359608
demd1439_9981_1.2.826.0.1.3680043.9.3218.1.1.3850610.1631.1511384163736.1844.0_MLO,0.1509433962264151,0.1529873888774033,0.4202339803243818,0.090148024803604,0.0,0.1403063762061076,0.1707790343877375
demd2159_9971_1.2.826.0.1.3680043.9.3218.1.1.3860076.2252.1511393629935.8302.0_MLO,0.5083265083265083,0.5269811320754717,0.4137777777777778,0.0,0.0,0.1609612724757953,0.1426601287159056
demd1562_9914_1.2.826.0.1.3680043.9.3218.1.1.3850610.1631.1511384163736.7705.0_CC,0.0615948116536173,0.0425111220958971,0.0694814814814814,0.0,0.0,0.0,0.0871848495410712
demd5859_9989_1.2.826.0.1.3680043.9.3218.1.1.3066441.1365.1512135165128.2726.0_CC,0.6670057400276103,0.6221632567558132,0.6655098070147762,0.0,0.0,0.7320997586484312,0.1417008663930688
demd36359_9980_1.2.826.0.1.3680043.9.3218.1.1.21359762.1575.1535439333681.304.0_MLO,0.2132140036851803,0.3529066736183524,0.6762849413886384,0.0,0.1251477944520236,0.222260849411901,0.237892277577824
demd5602_9978_1.2.826.0.1.3680043.9.3218.1.1.3010695.7588.1512129590473.1780.0_CC,0.1026700572155117,0.08023072889355,0.3533333333333333,0.0,0.0,0.4493577355916789,0.0845363708411679
demd3089_9999_1.2.826.0.1.3680043.9.3218.1.1.1405750.1758.1511969095974.4648.0_CC,0.0,0.0,0.0,0.0,0.0,0.0522410660205935,0.0
demd4406_9982_1.2.826.0.1.3680043.9.3218.1.1.16761901.2119.1511996139973.334.0_CC,0.3332100591715976,0.3647773279352226,0.2186125211505922,0.0,0.0,0.3620470070626375,0.1558823529411764
demd5882_9995_1.2.826.0.1.3680043.9.3218.1.1.3066441.1365.1512135165128.3384.0_CC,0.0,0.0,0.0,0.0,0.0,0.0,0.0
demd1522_9981_1.2.826.0.1.3680043.9.3218.1.1.3850610.1631.1511384163736.5941.0_CC,0.3809555854643338,0.2271141501535026,0.4798792756539235,0.0,0.0,0.512781954887218,0.4608830364058869
demd97_9984_1.2.826.0.1.3680043.9.3218.1.1.2695005.4962.1510228559379.3444.0_CC,0.1384849608650674,0.0,0.2414163090128755,0.0,0.0,0.2126251788268955,0.2204425830550682
demd1633_9948_1.2.826.0.1.3680043.9.3218.1.1.3854251.1387.1511387805385.1567.0_CC,0.0,0.0,0.0,0.0,0.0,0.0,0.0
demd2647_9983_1.2.826.0.1.3680043.9.3218.1.1.4257579.1312.1511791133165.2565.0_CC,0.0165749885402341,0.0154804518618381,0.0,0.0,0.0,0.0,0.014410057151138
demd136801_9980_1.2.826.0.1.3680043.9.3218.1.1.11971963.1573.1547385455647.234.0_CC,0.0514565004887585,0.0371948419007242,0.0,0.0,0.0,0.0159604349745194,0.0536179921773142
demd7484_9992_1.2.826.0.1.3680043.9.3218.1.1.3370786.8916.1512165599585.8721.0_CC,0.2812700792460912,0.2355429428143071,0.3855215249518098,0.0,0.0078175895765472,0.1845416577425573,0.559488113086314
demd5113_9983_1.2.826.0.1.3680043.9.3218.1.1.2910713.9186.1512119592269.4295.0_CC,0.0150698358245528,0.015820953115956,0.082,0.0,0.0,0.1369202226345083,0.0141055045871559
demd132478_9991_1.2.826.0.1.3680043.9.3218.1.1.79888526.2966.1546987144595.262.0_CC,0.3582089552238806,0.4601769911504424,0.261744966442953,0.2075767063243581,0.2602348460806093,0.6459627329192547,0.2461538461538461
demd94256_9994_1.2.826.0.1.3680043.9.3218.1.1.349578014.1100.1541094104877.94.0_CC,0.1639720898570456,0.202756734006734,0.1784259259259259,0.0787205359696066,0.0214617875489981,0.0411303920940855,0.1310884353741496
demd132845_9979_1.2.826.0.1.3680043.9.3218.1.1.83485603.2147.1547023115361.382.0_CC,0.839383807021734,0.7726242995111482,0.7076266427047063,0.0,0.0997357233137998,0.6150193677370986,0.2610276496934239
demd1957_9947_1.2.826.0.1.3680043.9.3218.1.1.3857281.5775.1511390835560.5727.0_CC,0.0,0.0,0.0,0.0,0.0,0.3349165894346617,0.0
demd6191_9959_1.2.826.0.1.3680043.9.3218.1.1.31207833.4733.1512140599294.839.0_CC,0.2121990604815032,0.2762805810397553,0.2676851851851852,0.0,0.0,0.0,0.1729687686969008
